#,"Country,Other",TotalCases,NewCases,TotalDeaths,NewDeaths,TotalRecovered,NewRecovered,ActiveCases,"Serious,Critical",Tot Cases/1M pop,Deaths/1M pop,TotalTests,Tests/ 1M pop,Population,Continent,1 Caseevery X ppl,1 Deathevery X ppl,1 Testevery X ppl,New Cases/1M pop,New Deaths/1M pop,Active Cases/1M pop
,North America,55026024,5216.0,1119553.0,313.0,43309009.0,4667.0,10597462.0,22531.0,,,,,,North America,,,,,,
,Asia,77850905,24757.0,1148159.0,224.0,74771224.0,35375.0,1931522.0,29068.0,,,,,,Asia,,,,,,
,South America,38135802,327.0,1163995.0,8.0,36266264.0,512.0,705543.0,12580.0,,,,,,South America,,,,,,
,Europe,61410232,14447.0,1259539.0,250.0,56062570.0,10346.0,4088123.0,11963.0,,,,,,Europe,,,,,,
,Africa,8501281,21.0,215860.0,,7821817.0,74.0,463604.0,2544.0,,,,,,Africa,,,,,,
,Oceania,274533,2223.0,3366.0,16.0,216503.0,75.0,54664.0,377.0,,,,,,Australia/Oceania,,,,,,
,,721,,15.0,,706.0,,0.0,0.0,,,,,,,,,,,,
,World,241199498,46991.0,4910487.0,811.0,218448093.0,51049.0,17840918.0,79063.0,30944.0,630.0,,,,All,,,,,,
1.0,USA,45774175,,744385.0,,35352343.0,,9677447.0,15340.0,137251.0,2232.0,668375712.0,2004089.0,333506023.0,North America,7.0,448.0,0.0,,,29017.0
2.0,India,34067719,959.0,452156.0,,33419749.0,7611.0,195814.0,8944.0,24378.0,324.0,590935381.0,422853.0,1397494569.0,Asia,41.0,3091.0,2.0,0.7,,140.0
3.0,Brazil,21638726,,603199.0,,20783940.0,,251587.0,8318.0,100876.0,2812.0,63776166.0,297314.0,214507883.0,South America,10.0,356.0,3.0,,,1173.0
4.0,UK,8404469,,138527.0,,6879735.0,,1386207.0,783.0,122969.0,2027.0,318440917.0,4659249.0,68345973.0,Europe,8.0,493.0,0.0,,,20282.0
5.0,Russia,7958384,,222315.0,,6981907.0,,754162.0,2300.0,54504.0,1523.0,200000000.0,1369720.0,146015214.0,Europe,18.0,657.0,1.0,,,5165.0
6.0,Turkey,7630163,,67437.0,,7065363.0,,497363.0,633.0,89232.0,789.0,91673202.0,1072090.0,85508828.0,Asia,11.0,1268.0,1.0,,,5817.0
7.0,France,7085274,,117260.0,,6877059.0,,90955.0,1200.0,108238.0,1791.0,146046715.0,2231088.0,65459869.0,Europe,9.0,558.0,0.0,,,1389.0
8.0,Iran,5773419,,123876.0,,5309992.0,,339551.0,4840.0,67622.0,1451.0,32619228.0,382055.0,85378270.0,Asia,15.0,689.0,3.0,,,3977.0
9.0,Argentina,5272151,,115663.0,,5138645.0,,17843.0,789.0,115288.0,2529.0,24478432.0,535276.0,45730448.0,South America,9.0,395.0,2.0,,,390.0
10.0,Spain,4984386,,86974.0,,4825794.0,,71618.0,454.0,106554.0,1859.0,66213858.0,1415487.0,46778148.0,Europe,9.0,538.0,1.0,,,1531.0
11.0,Colombia,4980233,,126830.0,,4823881.0,,29522.0,342.0,96550.0,2459.0,26239711.0,508699.0,51581952.0,South America,10.0,407.0,2.0,,,572.0
12.0,Italy,4715464,,131517.0,,4505876.0,,78071.0,352.0,78139.0,2179.0,97343369.0,1613059.0,60347076.0,Europe,13.0,459.0,1.0,,,1294.0
13.0,Germany,4386414,,95444.0,,4147000.0,5500.0,143970.0,1336.0,52139.0,1134.0,73348901.0,871856.0,84129567.0,Europe,19.0,881.0,1.0,,,1711.0
14.0,Indonesia,4234011,,142933.0,,4072332.0,,18746.0,,15271.0,516.0,43184677.0,155760.0,277251787.0,Asia,65.0,1940.0,6.0,,,68.0
15.0,Mexico,3755063,5203.0,284321.0,313.0,3113350.0,4636.0,357392.0,4798.0,28735.0,2176.0,11062664.0,84655.0,130678852.0,North America,35.0,460.0,12.0,40.0,2.0,2735.0
16.0,Poland,2937069,,76111.0,,2674093.0,,186865.0,281.0,77714.0,2014.0,21507393.0,569082.0,37793112.0,Europe,13.0,497.0,2.0,,,4944.0
17.0,South Africa,2916179,,88587.0,,2804676.0,,22916.0,546.0,48383.0,1470.0,18151283.0,301155.0,60272279.0,Africa,21.0,680.0,3.0,,,380.0
18.0,Philippines,2713509,,40580.0,,2587881.0,,85048.0,3194.0,24345.0,364.0,22136003.0,198600.0,111460341.0,Asia,41.0,2747.0,5.0,,,763.0
19.0,Ukraine,2635170,11288.0,60633.0,219.0,2325997.0,3541.0,248540.0,177.0,60726.0,1397.0,13557776.0,312431.0,43394513.0,Europe,16.0,716.0,3.0,260.0,5.0,5727.0
20.0,Malaysia,2384542,,27858.0,,2261289.0,,95395.0,694.0,72478.0,847.0,32402402.0,984865.0,32900356.0,Asia,14.0,1181.0,1.0,,,2900.0
21.0,Peru,2189165,,199816.0,,,,,994.0,65224.0,5953.0,18501179.0,551227.0,33563608.0,South America,15.0,168.0,2.0,,,8005.0
22.0,Netherlands,2044039,,18242.0,,1960872.0,,64925.0,134.0,118952.0,1062.0,17632552.0,1026115.0,17183790.0,Europe,8.0,942.0,1.0,,,3778.0
23.0,Iraq,2033737,,22738.0,,1964673.0,,46326.0,262.0,49143.0,549.0,15521023.0,375050.0,41383846.0,Asia,20.0,1820.0,3.0,,,1119.0
24.0,Thailand,1783701,10863.0,18273.0,68.0,1657638.0,10383.0,107790.0,3324.0,25472.0,261.0,9201621.0,131403.0,70025954.0,Asia,39.0,3832.0,8.0,155.0,1.0,1539.0
25.0,Japan,1713802,,18078.0,,1687306.0,,8418.0,335.0,13604.0,144.0,25725966.0,204212.0,125976661.0,Asia,74.0,6969.0,5.0,,,67.0
26.0,Czechia,1708925,1157.0,30545.0,3.0,1661924.0,12.0,16456.0,86.0,159198.0,2845.0,39314099.0,3662367.0,10734616.0,Europe,6.0,351.0,0.0,108.0,0.3,1533.0
27.0,Canada,1678516,,28482.0,,1614746.0,,35288.0,752.0,43976.0,746.0,44836340.0,1174686.0,38168800.0,North America,23.0,1340.0,1.0,,,925.0
28.0,Chile,1669236,,37597.0,,1621210.0,,10429.0,380.0,86365.0,1945.0,22673969.0,1173129.0,19327768.0,South America,12.0,514.0,1.0,,,540.0
29.0,Bangladesh,1565174,,27752.0,,1527333.0,,10089.0,1404.0,9383.0,166.0,10076825.0,60411.0,166804466.0,Asia,107.0,6011.0,17.0,,,60.0
30.0,Romania,1445714,,41482.0,,1231401.0,,172831.0,1739.0,75803.0,2175.0,13858256.0,726629.0,19071982.0,Europe,13.0,460.0,1.0,,,9062.0
31.0,Israel,1315809,331.0,7983.0,2.0,1288075.0,672.0,19751.0,388.0,141090.0,856.0,28292906.0,3033766.0,9326000.0,Asia,7.0,1168.0,0.0,35.0,0.2,2118.0
32.0,Belgium,1279869,,25747.0,,1186374.0,,67748.0,193.0,109816.0,2209.0,20730999.0,1778769.0,11654687.0,Europe,9.0,453.0,1.0,,,5813.0
33.0,Pakistan,1264384,720.0,28269.0,17.0,1209878.0,1440.0,26237.0,1958.0,5584.0,125.0,20196019.0,89200.0,226413748.0,Asia,179.0,8009.0,11.0,3.0,0.08,116.0
34.0,Sweden,1161933,,14916.0,,1130020.0,996.0,16997.0,26.0,114133.0,1465.0,12879376.0,1265105.0,10180481.0,Europe,9.0,683.0,1.0,,,1670.0
35.0,Portugal,1079341,,18088.0,,1031142.0,,30111.0,59.0,106252.0,1781.0,19249013.0,1894899.0,10158330.0,Europe,9.0,562.0,1.0,,,2964.0
36.0,Serbia,1043758,,9052.0,,908806.0,,125900.0,278.0,120083.0,1041.0,5984140.0,688470.0,8691936.0,Europe,8.0,960.0,1.0,,,14485.0
37.0,Morocco,941863,,14537.0,,921430.0,,5896.0,347.0,25134.0,388.0,9920819.0,264736.0,37474385.0,Africa,40.0,2578.0,4.0,,,157.0
38.0,Cuba,932768,,8037.0,,915893.0,,8838.0,276.0,82417.0,710.0,10142313.0,896147.0,11317694.0,North America,12.0,1408.0,1.0,,,781.0
39.0,Kazakhstan,916504,1805.0,11727.0,27.0,858661.0,1731.0,46116.0,221.0,48070.0,615.0,11575012.0,607097.0,19066152.0,Asia,21.0,1626.0,2.0,95.0,1.0,2419.0
40.0,Vietnam,860860,,21131.0,,790504.0,,49225.0,,8743.0,215.0,42517091.0,431787.0,98467720.0,Asia,114.0,4660.0,2.0,,,500.0
41.0,Switzerland,854590,,11171.0,,807592.0,,35827.0,117.0,97821.0,1279.0,11314175.0,1295085.0,8736238.0,Europe,10.0,782.0,1.0,,,4101.0
42.0,Jordan,840117,,10865.0,,814380.0,,14872.0,492.0,81299.0,1051.0,10518956.0,1017927.0,10333707.0,Asia,12.0,951.0,1.0,,,1439.0
43.0,Hungary,833115,,30351.0,,790646.0,,12118.0,124.0,86524.0,3152.0,7127710.0,740258.0,9628688.0,Europe,12.0,317.0,1.0,,,1259.0
44.0,Nepal,804652,,11278.0,,780776.0,,12598.0,,26991.0,378.0,4313858.0,144704.0,29811574.0,Asia,37.0,2643.0,7.0,,,423.0
45.0,Austria,773540,,11161.0,,740910.0,,21469.0,216.0,85260.0,1230.0,92324938.0,10176152.0,9072677.0,Europe,12.0,813.0,0.0,,,2366.0
46.0,UAE,738487,,2118.0,,732142.0,,4227.0,,73522.0,211.0,88985332.0,8859197.0,10044401.0,Asia,14.0,4742.0,0.0,,,421.0
47.0,Tunisia,710773,,25085.0,,684116.0,,1572.0,135.0,59340.0,2094.0,3020410.0,252163.0,11978025.0,Africa,17.0,477.0,4.0,,,131.0
48.0,Greece,692197,,15348.0,,648324.0,,28525.0,361.0,66832.0,1482.0,23121581.0,2232390.0,10357323.0,Europe,15.0,675.0,0.0,,,2754.0
49.0,Georgia,662334,4581.0,9468.0,28.0,612481.0,2494.0,40385.0,,166446.0,2379.0,9593701.0,2410912.0,3979283.0,Asia,6.0,420.0,0.0,1151.0,7.0,10149.0
50.0,Lebanon,633355,,8419.0,,607760.0,,17176.0,200.0,93333.0,1241.0,4780275.0,704434.0,6785984.0,Asia,11.0,806.0,1.0,,,2531.0
51.0,Guatemala,586318,,14236.0,,558054.0,,14028.0,5.0,31965.0,776.0,2744895.0,149649.0,18342249.0,North America,31.0,1288.0,7.0,,,765.0
52.0,Belarus,570006,,4386.0,,543072.0,,22548.0,,60348.0,464.0,9076450.0,960948.0,9445312.0,Europe,17.0,2154.0,1.0,,,2387.0
53.0,Costa Rica,551144,,6797.0,,470056.0,,74291.0,369.0,106933.0,1319.0,2471064.0,479438.0,5154089.0,North America,9.0,758.0,2.0,,,14414.0
54.0,Saudi Arabia,547890,,8760.0,,536900.0,,2230.0,110.0,15428.0,247.0,29701762.0,836381.0,35512227.0,Asia,65.0,4054.0,1.0,,,63.0
55.0,Bulgaria,539619,,22231.0,,457356.0,,60032.0,512.0,78423.0,3231.0,5082506.0,738640.0,6880900.0,Europe,13.0,310.0,1.0,,,8724.0
56.0,Sri Lanka,531070,,13472.0,,492305.0,,25293.0,,24668.0,626.0,5381256.0,249953.0,21529068.0,Asia,41.0,1598.0,4.0,,,1175.0
57.0,Ecuador,513026,,32899.0,,443880.0,,36247.0,759.0,28520.0,1829.0,1878768.0,104445.0,17988156.0,South America,35.0,547.0,10.0,,,2015.0
58.0,Bolivia,506477,327.0,18832.0,8.0,468428.0,512.0,19217.0,220.0,42639.0,1585.0,2475269.0,208388.0,11878176.0,South America,23.0,631.0,5.0,28.0,0.7,1618.0
59.0,Azerbaijan,498630,,6734.0,,476964.0,,14932.0,,48614.0,657.0,5000973.0,487567.0,10257000.0,Asia,21.0,1523.0,2.0,,,1456.0
60.0,Myanmar,486851,,18329.0,,439146.0,,29376.0,,8871.0,334.0,4611499.0,84028.0,54880192.0,Asia,113.0,2994.0,12.0,,,535.0
61.0,Panama,470162,,7291.0,,460503.0,,2368.0,49.0,106800.0,1656.0,3973236.0,902546.0,4402253.0,North America,9.0,604.0,1.0,,,538.0
62.0,Paraguay,460341,,16210.0,,443981.0,,150.0,10.0,63535.0,2237.0,1868050.0,257824.0,7245443.0,South America,16.0,447.0,4.0,,,21.0
63.0,Slovakia,435650,,12833.0,,402183.0,,20634.0,211.0,79745.0,2349.0,3757895.0,687874.0,5463055.0,Europe,13.0,426.0,1.0,,,3777.0
64.0,Croatia,426613,,8877.0,,407405.0,,10331.0,114.0,104753.0,2180.0,2963298.0,727622.0,4072579.0,Europe,10.0,459.0,1.0,,,2537.0
65.0,Palestine,417526,,4308.0,,401234.0,,11984.0,64.0,79469.0,820.0,2570995.0,489342.0,5253981.0,Asia,13.0,1220.0,2.0,,,2281.0
66.0,Ireland,413734,,5306.0,,365995.0,,42433.0,71.0,82600.0,1059.0,7760890.0,1549427.0,5008876.0,Europe,12.0,944.0,1.0,,,8472.0
67.0,Kuwait,412297,,2456.0,,409269.0,,572.0,8.0,94739.0,564.0,4561680.0,1048197.0,4351931.0,Asia,11.0,1772.0,1.0,,,131.0
68.0,Venezuela,391413,,4707.0,,371501.0,,15205.0,681.0,13815.0,166.0,3359014.0,118559.0,28331937.0,South America,72.0,6019.0,8.0,,,537.0
69.0,Uruguay,390915,,6067.0,,383286.0,,1562.0,13.0,112034.0,1739.0,3703501.0,1061400.0,3489261.0,South America,9.0,575.0,1.0,,,448.0
70.0,Honduras,372179,,10097.0,,113676.0,,248406.0,217.0,36822.0,999.0,1069940.0,105856.0,10107504.0,North America,27.0,1001.0,9.0,,,24576.0
71.0,Dominican Republic,369700,,4084.0,,357939.0,,7677.0,222.0,33645.0,372.0,2136729.0,194458.0,10988140.0,North America,30.0,2691.0,5.0,,,699.0
72.0,Lithuania,368641,2002.0,5439.0,28.0,329265.0,334.0,33937.0,251.0,137902.0,2035.0,5301307.0,1983120.0,2673216.0,Europe,7.0,491.0,1.0,749.0,10.0,12695.0
73.0,Denmark,368060,,2680.0,,356970.0,,8410.0,15.0,63257.0,461.0,84708443.0,14558427.0,5818516.0,Europe,16.0,2171.0,0.0,,,1445.0
74.0,Ethiopia,358739,,6197.0,,328521.0,,24021.0,613.0,3024.0,52.0,3597951.0,30330.0,118626274.0,Africa,331.0,19143.0,33.0,,,202.0
75.0,Libya,349210,,4860.0,,277701.0,,66649.0,,49947.0,695.0,1733052.0,247873.0,6991680.0,Africa,20.0,1439.0,4.0,,,9533.0
76.0,S. Korea,342396,1418.0,2660.0,16.0,310344.0,2157.0,29392.0,348.0,6671.0,52.0,15220868.0,296552.0,51326122.0,Asia,150.0,19296.0,3.0,28.0,0.3,573.0
77.0,Mongolia,338151,1643.0,1541.0,14.0,307192.0,7118.0,29418.0,192.0,101053.0,461.0,4030048.0,1204335.0,3346285.0,Asia,10.0,2172.0,1.0,491.0,4.0,8791.0
78.0,Egypt,317585,,17926.0,,268210.0,,31449.0,90.0,3030.0,171.0,3693367.0,35236.0,104819267.0,Africa,330.0,5847.0,28.0,,,300.0
79.0,Moldova,315414,,7206.0,,295604.0,,12604.0,184.0,78425.0,1792.0,1905136.0,473695.0,4021861.0,Europe,13.0,558.0,2.0,,,3134.0
80.0,Slovenia,307503,,4635.0,,290701.0,,12167.0,89.0,147887.0,2229.0,1648179.0,792658.0,2079307.0,Europe,7.0,449.0,1.0,,,5851.0
81.0,Oman,304025,,4103.0,,299362.0,,560.0,8.0,57650.0,778.0,25000000.0,4740546.0,5273654.0,Asia,17.0,1285.0,0.0,,,106.0
82.0,Armenia,281991,1697.0,5778.0,24.0,253936.0,790.0,22277.0,,94934.0,1945.0,1886064.0,634955.0,2970389.0,Asia,11.0,514.0,2.0,571.0,8.0,7500.0
83.0,Bahrain,276030,,1391.0,,274013.0,,626.0,3.0,155289.0,783.0,6687979.0,3762515.0,1777529.0,Asia,6.0,1278.0,0.0,,,352.0
84.0,Kenya,251959,,5215.0,,245178.0,,1566.0,31.0,4557.0,94.0,2635120.0,47655.0,55295388.0,Africa,219.0,10603.0,21.0,,,28.0
85.0,Bosnia and Herzegovina,243914,,11110.0,,192218.0,,40586.0,,74947.0,3414.0,1265280.0,388782.0,3254469.0,Europe,13.0,293.0,3.0,,,12471.0
86.0,Qatar,237867,,608.0,,236341.0,,918.0,8.0,84716.0,217.0,2751612.0,979987.0,2807805.0,Asia,12.0,4618.0,1.0,,,327.0
87.0,Zambia,209505,,3658.0,,205631.0,,216.0,9.0,11000.0,192.0,2538613.0,133290.0,19045828.0,Africa,91.0,5207.0,8.0,,,11.0
88.0,Nigeria,209173,,2804.0,,197084.0,,9285.0,11.0,983.0,13.0,3142971.0,14776.0,212711058.0,Africa,1017.0,75860.0,68.0,,,44.0
89.0,Algeria,205199,,5870.0,,140687.0,,58642.0,13.0,4573.0,131.0,230861.0,5145.0,44870592.0,Africa,219.0,7644.0,194.0,,,1307.0
90.0,North Macedonia,196762,,6922.0,,183027.0,,6813.0,,94449.0,3323.0,1339824.0,643137.0,2083264.0,Europe,11.0,301.0,2.0,,,3270.0
91.0,Norway,196142,,884.0,,88952.0,,106306.0,16.0,35819.0,161.0,8004891.0,1461840.0,5475901.0,Europe,28.0,6194.0,1.0,,,19413.0
92.0,Latvia,183239,,2881.0,,156697.0,,23661.0,133.0,98555.0,1550.0,4662340.0,2507629.0,1859262.0,Europe,10.0,645.0,0.0,,,12726.0
93.0,Botswana,181856,,2386.0,,178124.0,,1346.0,1.0,75373.0,989.0,1788867.0,741425.0,2412743.0,Africa,13.0,1011.0,1.0,,,558.0
94.0,Uzbekistan,180958,392.0,1287.0,2.0,176886.0,483.0,2785.0,23.0,5308.0,38.0,1377915.0,40415.0,34094090.0,Asia,188.0,26491.0,25.0,11.0,0.06,82.0
95.0,Kyrgyzstan,179845,70.0,2634.0,2.0,174646.0,68.0,2565.0,131.0,26992.0,395.0,1745460.0,261970.0,6662821.0,Asia,37.0,2530.0,4.0,11.0,0.3,385.0
96.0,Albania,177536,,2810.0,,168437.0,,6289.0,3.0,61779.0,978.0,1257173.0,437469.0,2873741.0,Europe,16.0,1023.0,2.0,,,2188.0
97.0,Estonia,171395,,1422.0,,153726.0,,16247.0,31.0,129093.0,1071.0,2020399.0,1521745.0,1327686.0,Europe,8.0,934.0,1.0,,,12237.0
98.0,Afghanistan,155739,,7238.0,,126851.0,,21650.0,1124.0,3888.0,181.0,766639.0,19139.0,40056379.0,Asia,257.0,5534.0,52.0,,,540.0
99.0,Mozambique,151097,,1925.0,,148099.0,,1073.0,32.0,4666.0,59.0,925600.0,28585.0,32381148.0,Africa,214.0,16821.0,35.0,,,33.0
100.0,Finland,149897,,1116.0,,46000.0,,102781.0,36.0,27000.0,201.0,7265979.0,1308755.0,5551826.0,Europe,37.0,4975.0,1.0,,,18513.0
101.0,Singapore,145120,,224.0,,118211.0,,26685.0,62.0,24556.0,38.0,20436387.0,3458127.0,5909670.0,Asia,41.0,26382.0,0.0,,,4515.0
102.0,Australia,143204,2171.0,1532.0,16.0,110092.0,,31580.0,312.0,5533.0,59.0,41022027.0,1585013.0,25881197.0,Australia/Oceania,181.0,16894.0,1.0,84.0,0.6,1220.0
103.0,Montenegro,137401,,2020.0,,130562.0,,4819.0,65.0,218733.0,3216.0,775623.0,1234736.0,628169.0,Europe,5.0,311.0,1.0,,,7672.0
104.0,Zimbabwe,132333,,4657.0,,126213.0,,1463.0,12.0,8740.0,308.0,1463118.0,96629.0,15141654.0,Africa,114.0,3251.0,10.0,,,97.0
105.0,Ghana,129258,,1165.0,,125601.0,,2492.0,42.0,4051.0,37.0,1781277.0,55826.0,31907710.0,Africa,247.0,27389.0,18.0,,,78.0
106.0,Namibia,128239,,3538.0,,123820.0,,881.0,5.0,49320.0,1361.0,727230.0,279687.0,2600153.0,Africa,20.0,735.0,4.0,,,339.0
107.0,Uganda,125094,,3182.0,,96367.0,,25545.0,237.0,2628.0,67.0,1746963.0,36703.0,47596984.0,Africa,380.0,14958.0,27.0,,,537.0
108.0,Cyprus,120541,,562.0,,90755.0,,29224.0,22.0,98910.0,461.0,9420908.0,7730337.0,1218693.0,Asia,10.0,2168.0,0.0,,,23980.0
109.0,Cambodia,116665,258.0,2658.0,24.0,110870.0,405.0,3137.0,,6856.0,156.0,2542331.0,149399.0,17017076.0,Asia,146.0,6402.0,7.0,15.0,1.0,184.0
110.0,El Salvador,110188,,3460.0,,92173.0,,14555.0,345.0,16878.0,530.0,1329565.0,203658.0,6528419.0,North America,59.0,1887.0,5.0,,,2229.0
111.0,Rwanda,99128,,1313.0,,45506.0,,52309.0,4.0,7417.0,98.0,2985767.0,223399.0,13365179.0,Africa,135.0,10179.0,4.0,,,3914.0
112.0,Cameroon,98402,,1550.0,,80433.0,,16419.0,152.0,3592.0,57.0,1751774.0,63943.0,27395756.0,Africa,278.0,17675.0,16.0,,,599.0
113.0,Jamaica,87232,,2103.0,,55264.0,,29865.0,25.0,29294.0,706.0,623564.0,209402.0,2977839.0,North America,34.0,1416.0,5.0,,,10029.0
114.0,Maldives,86088,,237.0,,84587.0,,1264.0,23.0,155730.0,429.0,1552125.0,2807736.0,552803.0,Asia,6.0,2333.0,0.0,,,2287.0
115.0,Luxembourg,79720,,839.0,,77447.0,,1434.0,3.0,124739.0,1313.0,3554740.0,5562155.0,639094.0,Europe,8.0,762.0,0.0,,,2244.0
116.0,Senegal,73865,,1871.0,,71970.0,,24.0,6.0,4267.0,108.0,822364.0,47504.0,17311310.0,Africa,234.0,9252.0,21.0,,,1.0
117.0,Angola,62789,,1662.0,,50617.0,,10510.0,28.0,1837.0,49.0,1043451.0,30528.0,34179919.0,Africa,544.0,20566.0,33.0,,,307.0
118.0,Malawi,61712,,2292.0,,56768.0,,2652.0,67.0,3122.0,116.0,418404.0,21168.0,19765647.0,Africa,320.0,8624.0,47.0,,,134.0
119.0,Ivory Coast,60982,,674.0,,59310.0,,998.0,,2240.0,25.0,1055780.0,38789.0,27218428.0,Africa,446.0,40383.0,26.0,,,37.0
120.0,DRC,57269,,1089.0,,50930.0,,5250.0,,615.0,12.0,306299.0,3291.0,93060408.0,Africa,1625.0,85455.0,304.0,,,56.0
121.0,Guadeloupe,54152,,731.0,,2250.0,,51171.0,23.0,135308.0,1827.0,485295.0,1212595.0,400212.0,North America,7.0,547.0,1.0,,,127860.0
122.0,Réunion,54024,,370.0,,53520.0,,134.0,33.0,59791.0,409.0,1279618.0,1416210.0,903551.0,Africa,17.0,2442.0,1.0,,,148.0
123.0,Trinidad and Tobago,53887,,1593.0,,47985.0,,4309.0,22.0,38345.0,1134.0,373742.0,265945.0,1405335.0,North America,26.0,882.0,4.0,,,3066.0
124.0,Fiji,51701,,663.0,,48221.0,,2817.0,3.0,57139.0,733.0,427690.0,472679.0,904822.0,Australia/Oceania,18.0,1365.0,2.0,,,3113.0
125.0,Eswatini,46361,,1233.0,,44874.0,,254.0,10.0,39434.0,1049.0,362793.0,308590.0,1175648.0,Africa,25.0,953.0,3.0,,,216.0
126.0,Suriname,46313,,1014.0,,27066.0,,18233.0,17.0,78046.0,1709.0,139709.0,235435.0,593409.0,South America,13.0,585.0,4.0,,,30726.0
127.0,French Guiana,43376,,295.0,,9995.0,,33086.0,26.0,140540.0,956.0,414645.0,1343467.0,308638.0,South America,7.0,1046.0,1.0,,,107200.0
128.0,Madagascar,42898,,958.0,,41322.0,,618.0,3.0,1500.0,33.0,249510.0,8722.0,28606504.0,Africa,667.0,29861.0,115.0,,,22.0
129.0,Martinique,42167,,638.0,,104.0,,41425.0,1.0,112479.0,1702.0,359082.0,957836.0,374889.0,North America,9.0,588.0,1.0,,,110499.0
130.0,French Polynesia,40178,,633.0,,33500.0,,6045.0,11.0,141971.0,2237.0,26355.0,93127.0,283002.0,Australia/Oceania,7.0,447.0,11.0,,,21360.0
131.0,Sudan,39550,,3038.0,,32872.0,,3640.0,,876.0,67.0,238579.0,5282.0,45166389.0,Africa,1142.0,14867.0,189.0,,,81.0
132.0,Syria,38705,,2391.0,,24943.0,,11371.0,,2145.0,132.0,103566.0,5739.0,18047508.0,Asia,466.0,7548.0,174.0,,,630.0
133.0,Cabo Verde,38035,,347.0,,37246.0,,442.0,23.0,67465.0,615.0,211025.0,374310.0,563771.0,Africa,15.0,1625.0,3.0,,,784.0
134.0,Malta,37445,,459.0,,36311.0,,675.0,1.0,84515.0,1036.0,1211456.0,2734293.0,443060.0,Europe,12.0,965.0,0.0,,,1523.0
135.0,Mauritania,36645,,788.0,,35414.0,,443.0,22.0,7624.0,164.0,482633.0,100406.0,4806817.0,Africa,131.0,6100.0,10.0,,,92.0
136.0,Guyana,34362,,866.0,,29719.0,,3777.0,31.0,43417.0,1094.0,337459.0,426382.0,791448.0,South America,23.0,914.0,2.0,,,4772.0
137.0,Gabon,33442,,213.0,,27879.0,,5350.0,26.0,14583.0,93.0,1275341.0,556117.0,2293296.0,Africa,69.0,10767.0,2.0,,,2333.0
138.0,Laos,31736,,38.0,,6558.0,,25140.0,,4282.0,5.0,559426.0,75480.0,7411569.0,Asia,234.0,195041.0,13.0,,,3392.0
139.0,Guinea,30572,,385.0,,29233.0,,954.0,24.0,2249.0,28.0,564211.0,41514.0,13590799.0,Africa,445.0,35301.0,24.0,,,70.0
140.0,Tanzania,26034,,724.0,,,,,7.0,420.0,12.0,,,61921324.0,Africa,2378.0,85527.0,,,,406.0
141.0,Togo,25886,21.0,238.0,,25138.0,74.0,510.0,,3035.0,28.0,533105.0,62510.0,8528340.0,Africa,329.0,35833.0,16.0,2.0,,60.0
142.0,Benin,24560,,161.0,,23971.0,,428.0,5.0,1960.0,13.0,604310.0,48223.0,12531529.0,Africa,510.0,77836.0,21.0,,,34.0
143.0,Papua New Guinea,24041,,266.0,,19840.0,,3935.0,7.0,2623.0,29.0,197329.0,21530.0,9165213.0,Australia/Oceania,381.0,34456.0,46.0,,,429.0
144.0,Belize,23990,,461.0,,20724.0,,2805.0,10.0,58955.0,1133.0,286236.0,703417.0,406922.0,North America,17.0,883.0,1.0,,,6893.0
145.0,Haiti,22933,,657.0,,20043.0,,2233.0,,1980.0,57.0,120507.0,10405.0,11581660.0,North America,505.0,17628.0,96.0,,,193.0
146.0,Seychelles,21833,,119.0,,21430.0,,284.0,,220242.0,1200.0,21504.0,216923.0,99132.0,Africa,5.0,833.0,5.0,,,2865.0
147.0,Bahamas,21580,,590.0,,19683.0,,1307.0,15.0,54209.0,1482.0,149289.0,375015.0,398088.0,North America,18.0,675.0,3.0,,,3283.0
148.0,Lesotho,21524,,655.0,,11983.0,,8886.0,,9946.0,303.0,226374.0,104602.0,2164146.0,Africa,101.0,3304.0,10.0,,,4106.0
149.0,Somalia,21269,,1180.0,,9927.0,,10162.0,,1292.0,72.0,239292.0,14535.0,16463253.0,Africa,774.0,13952.0,69.0,,,617.0
150.0,Mayotte,20439,,181.0,,2964.0,,17294.0,,72664.0,643.0,176919.0,628974.0,281282.0,Africa,14.0,1554.0,2.0,,,61483.0
151.0,Timor-Leste,19707,,119.0,,19490.0,,98.0,,14589.0,88.0,169501.0,125484.0,1350773.0,Asia,69.0,11351.0,8.0,,,73.0
152.0,Burundi,19555,,38.0,,773.0,,18744.0,,1584.0,3.0,345742.0,28005.0,12345921.0,Africa,631.0,324893.0,36.0,,,1518.0
153.0,Tajikistan,17086,,124.0,,16960.0,,2.0,,1741.0,13.0,,,9813281.0,Asia,574.0,79139.0,,,,0.2
154.0,Curaçao,16921,,171.0,,16465.0,,285.0,4.0,102577.0,1037.0,295861.0,1793543.0,164959.0,North America,10.0,965.0,1.0,,,1728.0
155.0,Mauritius,16621,,129.0,,1854.0,,14638.0,,13041.0,101.0,358675.0,281426.0,1274491.0,Africa,77.0,9880.0,4.0,,,11485.0
156.0,Taiwan,16336,,846.0,,15343.0,,147.0,,684.0,35.0,6867115.0,287659.0,23872396.0,Asia,1461.0,28218.0,3.0,,,6.0
157.0,Nicaragua,15737,,206.0,,4225.0,,11306.0,,2340.0,31.0,,,6726128.0,North America,427.0,32651.0,,,,1681.0
158.0,Aruba,15715,,170.0,,15382.0,,163.0,7.0,146389.0,1584.0,177885.0,1657041.0,107351.0,North America,7.0,631.0,1.0,,,1518.0
159.0,Mali,15603,,557.0,,14455.0,,591.0,,743.0,27.0,438233.0,20868.0,21000577.0,Africa,1346.0,37703.0,48.0,,,28.0
160.0,Congo,15514,,222.0,,12421.0,,2871.0,,2725.0,39.0,188207.0,33061.0,5692787.0,Africa,367.0,25643.0,30.0,,,504.0
161.0,Andorra,15338,,130.0,,15139.0,,69.0,4.0,198101.0,1679.0,193595.0,2500420.0,77425.0,Europe,5.0,596.0,0.0,,,891.0
162.0,Burkina Faso,14686,,203.0,,14119.0,,364.0,,679.0,9.0,221012.0,10213.0,21640198.0,Africa,1474.0,106602.0,98.0,,,17.0
163.0,Djibouti,13383,,179.0,,13021.0,,183.0,,13296.0,178.0,230547.0,229056.0,1006509.0,Africa,75.0,5623.0,4.0,,,182.0
164.0,Equatorial Guinea,12840,,156.0,,12263.0,,421.0,1.0,8781.0,107.0,195087.0,133421.0,1462194.0,Africa,114.0,9373.0,7.0,,,288.0
165.0,Barbados,12773,,114.0,,8986.0,,3673.0,,44377.0,396.0,355225.0,1234153.0,287829.0,North America,23.0,2525.0,1.0,,,12761.0
166.0,Iceland,12455,,33.0,,11923.0,,499.0,1.0,36196.0,96.0,1096871.0,3187661.0,344099.0,Europe,28.0,10427.0,0.0,,,1450.0
167.0,Hong Kong,12292,,213.0,,11988.0,,91.0,,1623.0,28.0,25906063.0,3419759.0,7575406.0,Asia,616.0,35565.0,0.0,,,12.0
168.0,Saint Lucia,12206,,236.0,,11393.0,,577.0,11.0,66082.0,1278.0,83446.0,451768.0,184710.0,North America,15.0,783.0,2.0,,,3124.0
169.0,South Sudan,12184,,130.0,,11726.0,,328.0,2.0,1072.0,11.0,240071.0,21128.0,11362860.0,Africa,933.0,87407.0,47.0,,,29.0
170.0,Channel Islands,12174,,98.0,,11656.0,,420.0,,69198.0,557.0,973750.0,5534903.0,175929.0,Europe,14.0,1795.0,0.0,,,2387.0
171.0,CAR,11469,,100.0,,6859.0,,4510.0,2.0,2323.0,20.0,60228.0,12197.0,4937900.0,Africa,431.0,49379.0,82.0,,,913.0
172.0,Brunei,10356,,68.0,,7850.0,,2438.0,29.0,23383.0,154.0,436396.0,985362.0,442879.0,Asia,43.0,6513.0,1.0,,,5505.0
173.0,Gambia,9946,,339.0,,9600.0,,7.0,3.0,3972.0,135.0,103647.0,41393.0,2503947.0,Africa,252.0,7386.0,24.0,,,3.0
174.0,New Caledonia,9933,,236.0,,55.0,,9642.0,39.0,34366.0,817.0,42756.0,147926.0,289036.0,Australia/Oceania,29.0,1225.0,7.0,,,33359.0
175.0,Yemen,9512,,1802.0,,6028.0,,1682.0,23.0,310.0,59.0,265253.0,8648.0,30671236.0,Asia,3224.0,17021.0,116.0,,,55.0
176.0,Isle of Man,8498,,54.0,,7681.0,,763.0,1.0,99261.0,631.0,125320.0,1463796.0,85613.0,Europe,10.0,1585.0,1.0,,,8912.0
177.0,Eritrea,6773,,44.0,,6676.0,,53.0,,1876.0,12.0,23693.0,6564.0,3609659.0,Africa,533.0,82038.0,152.0,,,15.0
178.0,Sierra Leone,6396,,121.0,,4393.0,,1882.0,,781.0,15.0,160729.0,19635.0,8185777.0,Africa,1280.0,67651.0,51.0,,,230.0
179.0,Niger,6160,,204.0,,5854.0,,102.0,,243.0,8.0,165236.0,6523.0,25331639.0,Africa,4112.0,124175.0,153.0,,,4.0
180.0,Guinea-Bissau,6129,,141.0,,5392.0,,596.0,,3022.0,70.0,100563.0,49591.0,2027838.0,Africa,331.0,14382.0,20.0,,,294.0
181.0,Liberia,5803,,286.0,,5458.0,,59.0,2.0,1114.0,55.0,128246.0,24612.0,5210609.0,Africa,898.0,18219.0,41.0,,,11.0
182.0,Gibraltar,5751,,98.0,,5489.0,,164.0,1.0,170764.0,2910.0,374669.0,11125037.0,33678.0,Europe,6.0,344.0,0.0,,,4870.0
183.0,Grenada,5734,13.0,192.0,,5395.0,31.0,147.0,,50656.0,1696.0,76855.0,678955.0,113196.0,North America,20.0,590.0,1.0,115.0,,1299.0
184.0,Bermuda,5548,,95.0,,4979.0,,474.0,1.0,89511.0,1533.0,566212.0,9135251.0,61981.0,North America,11.0,652.0,0.0,,,7648.0
185.0,San Marino,5470,,91.0,,5343.0,,36.0,2.0,160774.0,2675.0,80733.0,2372895.0,34023.0,Europe,6.0,374.0,0.0,,,1058.0
186.0,Chad,5067,,174.0,,4874.0,,19.0,,298.0,10.0,148082.0,8694.0,17031725.0,Africa,3361.0,97883.0,115.0,,,1.0
187.0,New Zealand,4991,52.0,28.0,,4321.0,75.0,642.0,5.0,998.0,6.0,3752266.0,750138.0,5002100.0,Australia/Oceania,1002.0,178646.0,1.0,10.0,,128.0
188.0,Sint Maarten,4444,,71.0,,4309.0,,64.0,10.0,102154.0,1632.0,53105.0,1220720.0,43503.0,North America,10.0,613.0,1.0,,,1471.0
189.0,St. Vincent Grenadines,4418,,47.0,,2840.0,,1531.0,2.0,39661.0,422.0,80024.0,718381.0,111395.0,North America,25.0,2370.0,1.0,,,13744.0
190.0,Comoros,4184,,147.0,,4016.0,,21.0,,4683.0,165.0,,,893440.0,Africa,214.0,6078.0,,,,24.0
191.0,Dominica,4153,,28.0,,3841.0,,284.0,,57507.0,388.0,82691.0,1145035.0,72217.0,North America,17.0,2579.0,1.0,,,3933.0
192.0,Antigua and Barbuda,3888,,95.0,,3069.0,,724.0,9.0,39283.0,960.0,17674.0,178572.0,98974.0,North America,25.0,1042.0,6.0,,,7315.0
193.0,Saint Martin,3819,,55.0,,1399.0,,2365.0,7.0,96647.0,1392.0,54303.0,1374238.0,39515.0,North America,10.0,718.0,1.0,,,59851.0
194.0,Sao Tome and Principe,3675,,56.0,,3105.0,,514.0,,16377.0,250.0,14689.0,65459.0,224399.0,Africa,61.0,4007.0,15.0,,,2291.0
195.0,Liechtenstein,3487,,60.0,,3390.0,,37.0,1.0,91118.0,1568.0,49126.0,1283702.0,38269.0,Europe,11.0,638.0,1.0,,,967.0
196.0,Monaco,3358,,33.0,,3284.0,,41.0,2.0,84796.0,833.0,54960.0,1387844.0,39601.0,Europe,12.0,1200.0,1.0,,,1035.0
197.0,Turks and Caicos,2924,,23.0,,2853.0,,48.0,1.0,74228.0,584.0,94789.0,2406301.0,39392.0,North America,13.0,1713.0,0.0,,,1219.0
198.0,British Virgin Islands,2725,,37.0,,2649.0,,39.0,7.0,89374.0,1214.0,82570.0,2708101.0,30490.0,North America,11.0,824.0,0.0,,,1279.0
199.0,Bhutan,2617,,3.0,,2605.0,,9.0,,3344.0,4.0,1177315.0,1504442.0,782559.0,Asia,299.0,260853.0,1.0,,,12.0
200.0,Saint Kitts and Nevis,2546,,21.0,,1753.0,,772.0,1.0,47426.0,391.0,49113.0,914854.0,53684.0,North America,21.0,2556.0,1.0,,,14380.0
201.0,Caribbean Netherlands,2325,,19.0,,2128.0,,178.0,,87614.0,716.0,25579.0,963899.0,26537.0,North America,11.0,1397.0,1.0,,,6708.0
202.0,St. Barth,1588,,6.0,,462.0,,1120.0,,160145.0,605.0,38369.0,3869403.0,9916.0,North America,6.0,1653.0,0.0,,,112949.0
203.0,Faeroe Islands,1332,,2.0,,1238.0,,92.0,,27127.0,41.0,448000.0,9123865.0,49102.0,Europe,37.0,24551.0,0.0,,,1874.0
204.0,Cayman Islands,1011,,2.0,,827.0,,182.0,,15154.0,30.0,136206.0,2041549.0,66717.0,North America,66.0,33359.0,0.0,,,2728.0
205.0,Diamond Princess,712,,13.0,,699.0,,0.0,,,,,,,,,,,,,
206.0,Anguilla,668,,1.0,,587.0,,80.0,,44017.0,66.0,42919.0,2828084.0,15176.0,North America,23.0,15176.0,0.0,,,5271.0
207.0,Greenland,654,,,,618.0,,36.0,2.0,11494.0,,81163.0,1426490.0,56897.0,North America,87.0,,1.0,,,633.0
208.0,Wallis and Futuna,445,,7.0,,438.0,,0.0,,40510.0,637.0,20508.0,1866909.0,10985.0,Australia/Oceania,25.0,1569.0,1.0,,,
209.0,Macao,77,,,,66.0,,11.0,,117.0,,4988.0,7549.0,660740.0,Asia,8581.0,,132.0,,,17.0
210.0,Falkland Islands,68,,,,67.0,,1.0,,18837.0,,7643.0,2117175.0,3610.0,South America,53.0,,0.0,,,277.0
211.0,Montserrat,41,,1.0,,31.0,,9.0,,8207.0,200.0,1408.0,281825.0,4996.0,North America,122.0,4996.0,4.0,,,1801.0
212.0,Saint Pierre Miquelon,32,,,,32.0,,0.0,,5558.0,,10173.0,1767066.0,5757.0,North America,180.0,,1.0,,,
213.0,Vatican City,27,,,,27.0,,0.0,,33582.0,,,,804.0,Europe,30.0,,,,,
214.0,Solomon Islands,20,,,,20.0,,0.0,,28.0,,4500.0,6351.0,708550.0,Australia/Oceania,35428.0,,157.0,,,
215.0,Western Sahara,10,,1.0,,8.0,,1.0,,16.0,2.0,,,616229.0,Africa,61623.0,616229.0,,,,2.0
216.0,MS Zaandam,9,,2.0,,7.0,,0.0,,,,,,,,,,,,,
217.0,Palau,8,,,,5.0,,3.0,,439.0,,10852.0,596100.0,18205.0,Australia/Oceania,2276.0,,2.0,,,165.0
218.0,Vanuatu,4,,1.0,,3.0,,0.0,,13.0,3.0,23000.0,72698.0,316379.0,Australia/Oceania,79095.0,316379.0,14.0,,,
219.0,Marshall Islands,4,,,,4.0,,0.0,,67.0,,,,59705.0,Australia/Oceania,14926.0,,,,,
220.0,Samoa,3,,,,3.0,,0.0,,15.0,,,,200114.0,Australia/Oceania,66705.0,,,,,
221.0,Saint Helena,2,,,,2.0,,0.0,,328.0,,,,6100.0,Africa,3050.0,,,,,
222.0,Micronesia,1,,,,1.0,,0.0,,9.0,,,,116577.0,Australia/Oceania,116577.0,,,,,
223.0,China,96522,20.0,4636.0,,91368.0,23.0,518.0,1.0,67.0,3.0,160000000.0,111163.0,1439323776.0,Asia,14912.0,310467.0,9.0,0.01,,0.4
,Total:,55026024,5216.0,1119553.0,313.0,43309009.0,4667.0,10597462.0,22531.0,,,,,,North America,,,,,,
,Total:,77850905,24757.0,1148159.0,224.0,74771224.0,35375.0,1931522.0,29068.0,,,,,,Asia,,,,,,
,Total:,38135802,327.0,1163995.0,8.0,36266264.0,512.0,705543.0,12580.0,,,,,,South America,,,,,,
,Total:,61410232,14447.0,1259539.0,250.0,56062570.0,10346.0,4088123.0,11963.0,,,,,,Europe,,,,,,
,Total:,8501281,21.0,215860.0,,7821817.0,,463604.0,2544.0,,,,,,Africa,,,,,,
,Total:,274533,2223.0,3366.0,16.0,216503.0,75.0,54664.0,377.0,,,,,,Australia/Oceania,,,,,,
,Total:,721,,15.0,,706.0,,0.0,0.0,,,,,,,,,,,,
,Total:,241199498,46991.0,4910487.0,811.0,218448093.0,51049.0,17840918.0,79063.0,30943.6,630.0,,,,All,,,,,,
