action,reward_inertia,reward_r_eff,reward_I_percentage,reward_weigthed,reward,stringency_index
6,-50.0,-10,20,-80.67204479390224,-120.67204479390224,100.0
5,-25.0,-10,20,-80.67204479390224,-95.67204479390224,100.0
6,-50.0,-10,20,-80.67204479390224,-120.67204479390224,100.0
0,-50.0,-10,20,-80.67204479390051,-120.67204479390051,90.0
1,-25.0,-10,20,-80.67199491985298,-95.67199491985298,85.0
5,-25.0,-10,20,-80.67192468932154,-95.67192468932154,90.0
3,0.0,-10,20,-80.67188072381964,-70.67188072381964,90.0
6,-50.0,-10,20,-80.67183997063088,-120.67183997063088,100.0
6,-50.0,-10,20,-80.6718399706226,-120.67183997062261,100.0
5,-25.0,-10,20,-80.6718399706226,-95.6718399706226,100.0
0,-50.0,-10,20,-80.67183997062175,-120.67183997062176,90.0
3,0.0,-10,20,-80.67181417573268,-70.67181417573268,90.0
3,0.0,-10,20,-80.67179026551754,-70.67179026551754,90.0
4,-12.5,-10,20,-80.67176810227625,-83.17176810227625,92.5
2,-12.5,-10,20,-80.67175279146484,-83.17175279146484,90.0
5,-25.0,-10,20,-80.67173399120443,-95.67173399120443,95.0
0,-50.0,-10,20,-80.67172538725272,-120.6717253872527,85.0
2,-12.5,-10,20,-80.67170146912439,-83.17170146912439,82.5
3,0.0,-10,20,-80.67167476206532,-70.67167476206532,82.5
4,-12.5,-10,20,-80.67164903546285,-83.17164903546285,85.0
6,-50.0,-10,20,-80.6716279283742,-120.67162792837422,95.0
6,-50.0,-10,20,-80.6716214046188,-120.6716214046188,100.0
2,-12.5,-10,20,-80.67161976206627,-83.17161976206627,97.5
6,-50.0,-10,20,-80.67161389815523,-120.67161389815521,100.0
1,-25.0,-10,20,-80.67160897050303,-95.67160897050303,95.0
6,-50.0,-10,20,-80.67159832368604,-120.67159832368606,100.0
3,0.0,-10,20,-80.67159011090773,-70.67159011090773,100.0
6,-50.0,-10,20,-80.67158025560056,-120.67158025560056,100.0
6,-50.0,-10,20,-80.67156875774238,-120.67156875774236,100.0
5,-25.0,-10,20,-80.67155561732784,-95.67155561732784,100.0
2,-12.5,-10,20,-80.6715408343876,-83.1715408343876,97.5
6,-50.0,-10,20,-80.67152343991404,-120.67152343991404,100.0
5,-25.0,-10,20,-80.6715053718726,-95.6715053718726,100.0
1,-25.0,-10,20,-80.67148566136304,-95.67148566136304,95.0
4,-12.5,-10,20,-80.67146295936413,-83.17146295936413,97.5
5,-25.0,-10,20,-80.67143935819522,-95.67143935819522,100.0
1,-25.0,-10,20,-80.67141471999436,-95.67141471999436,95.0
4,-12.5,-10,20,-80.67138748205439,-83.17138748205439,97.5
4,-12.5,-10,20,-80.67135912909404,-83.17135912909404,100.0
2,-12.5,-10,20,-80.6713295632851,-83.1713295632851,97.5
1,-25.0,-10,20,-80.67129801745031,-95.67129801745031,92.5
6,-50.0,-10,20,-80.67126425203249,-120.67126425203247,100.0
4,-12.5,-10,20,-80.67122559013896,-83.17122559013896,100.0
6,-50.0,-10,20,-80.6711811176295,-120.67118111762949,100.0
4,-12.5,-10,20,-80.67113083424685,-83.17113083424685,100.0
3,0.0,-10,20,-80.67107473992746,-70.67107473992746,100.0
1,-25.0,-10,20,-80.67101283506156,-95.67101283506156,95.0
1,-25.0,-10,20,-80.67094482585533,-95.67094482585533,90.0
2,-12.5,-10,20,-80.67087076226585,-83.17087076226585,87.5
5,-25.0,-10,20,-80.67079079874175,-95.67079079874175,92.5
6,-50.0,-10,20,-80.67070530247123,-120.67070530247122,100.0
4,-12.5,-10,20,-80.67061434392397,-83.17061434392397,100.0
2,-12.5,-10,20,-80.67051757471347,-83.17051757471347,97.5
4,-12.5,-10,20,-80.67041491345222,-83.17041491345222,100.0
0,-50.0,-10,20,-80.67030652296408,-120.6703065229641,90.0
0,-50.0,-10,20,-80.67019206127807,-120.67019206127807,80.0
2,-12.5,-10,20,-80.67007155404559,-83.17007155404559,77.5
2,-12.5,-10,20,-80.66994518435993,-83.16994518435993,75.0
2,-12.5,-10,20,-80.66981294656834,-83.16981294656834,72.5
0,-50.0,-10,20,-80.66967483278079,-120.6696748327808,62.5
3,0.0,-10,20,-80.66953062764227,-70.66953062764227,62.5
4,-12.5,-10,20,-80.66938054796245,-83.16938054796245,65.0
3,0.0,-10,20,-80.66920568640506,-70.66920568640506,65.0
6,-50.0,-10,20,-80.66900597887538,-120.66900597887536,75.0
0,-50.0,-10,20,-80.66878176152164,-120.66878176152164,65.0
4,-12.5,-10,20,-80.66853241212729,-83.16853241212729,67.5
0,-50.0,-10,20,-80.66825830237971,-120.66825830237971,57.5
1,-25.0,-10,20,-80.66795897110234,-95.66795897110234,52.5
5,-25.0,-10,20,-80.66763448502687,-95.66763448502687,57.5
4,-12.5,-10,20,-80.66728522292385,-83.16728522292385,60.0
6,-50.0,-10,20,-80.66691112584861,-120.66691112584863,70.0
1,-25.0,-10,20,-80.66651263962137,-95.66651263962137,65.0
3,0.0,-10,20,-80.66608904106357,-70.66608904106357,65.0
1,-25.0,-10,20,-80.66564055482914,-95.66564055482914,60.0
5,-25.0,-10,20,-80.66516685510786,-95.66516685510786,65.0
0,-50.0,-10,20,-80.66466852297421,-120.66466852297421,55.0
3,0.0,-10,20,-80.66414454417352,-70.66414454417352,55.0
5,-25.0,-10,20,-80.66359544408151,-95.66359544408151,60.0
6,-50.0,-10,20,-80.66302164800757,-120.66302164800757,70.0
0,-50.0,-10,20,-80.66242375831777,-120.66242375831777,60.0
3,0.0,-10,20,-80.6618000257638,-70.6618000257638,60.0
3,0.0,-10,20,-80.66115121080381,-70.66115121080381,60.0
6,-50.0,-10,20,-80.66050606738628,-120.66050606738628,70.0
2,-12.5,-10,20,-80.65986581701942,-83.15986581701942,67.5
3,0.0,-10,20,-80.65922915445105,-70.65922915445105,67.5
1,-25.0,-10,20,-80.65859633185171,-95.65859633185171,62.5
4,-12.5,-10,20,-80.65796665135173,-83.15796665135173,65.0
6,-50.0,-10,20,-80.65734101311872,-120.65734101311872,75.0
5,-25.0,-10,20,-80.656720632317,-95.656720632317,80.0
6,-50.0,-10,20,-80.65610497301788,-120.65610497301788,90.0
5,-25.0,-10,20,-80.65549474955927,-95.65549474955927,95.0
4,-12.5,-10,20,-80.65488922857325,-83.15488922857325,97.5
0,-50.0,-10,20,-80.65428803022841,-120.65428803022843,87.5
4,-12.5,-10,20,-80.65368986343768,-83.15368986343768,90.0
4,-12.5,-10,20,-80.65309600093141,-83.15309600093141,92.5
4,-12.5,-10,20,-80.65250641450176,-83.15250641450176,95.0
4,-12.5,-10,20,-80.65192106993041,-83.15192106993041,97.5
1,-25.0,-10,20,-80.65133992930072,-95.65133992930072,92.5
3,0.0,-10,20,-80.65076248578353,-70.65076248578353,92.5
2,-12.5,-10,20,-80.65018907310198,-83.15018907310198,90.0
5,-25.0,-10,20,-80.6496195554265,-95.6496195554265,95.0
2,-12.5,-10,20,-80.64905431446938,-83.14905431446938,92.5
0,-50.0,-10,20,-80.64851723973302,-120.64851723973302,82.5
5,-25.0,-10,20,-80.6480080278881,-95.6480080278881,87.5
1,-25.0,-10,20,-80.64752729889273,-95.64752729889273,82.5
3,0.0,-10,20,-80.6470746603988,-70.6470746603988,82.5
3,0.0,-10,20,-80.64665029803733,-70.64665029803733,82.5
3,0.0,-10,20,-80.6462542091962,-70.6462542091962,82.5
6,-50.0,-10,20,-80.64588639323644,-120.64588639323642,92.5
5,-25.0,-10,20,-80.64554717454301,-95.64554717454301,97.5
3,0.0,-10,20,-80.64523636919922,-70.64523636919922,97.5
2,-12.5,-10,20,-80.64495382104826,-83.14495382104826,95.0
3,0.0,-10,20,-80.64469947243232,-70.64469947243232,95.0
4,-12.5,-10,20,-80.6444733823522,-83.1444733823522,97.5
2,-12.5,-10,20,-80.64427559863795,-83.14427559863795,95.0
3,0.0,-10,20,-80.64410602728421,-70.64410602728421,95.0
2,-12.5,-10,20,-80.64396471215387,-83.14396471215387,92.5
3,0.0,-10,20,-80.64385161878477,-70.64385161878477,92.5
1,-25.0,-10,20,-80.64376678201401,-95.64376678201401,87.5
4,-12.5,-10,20,-80.64371014303663,-83.14371014303663,90.0
2,-12.5,-10,20,-80.64368178834415,-83.14368178834415,87.5
5,-25.0,-10,20,-80.64368166400614,-95.64368166400614,92.5
4,-12.5,-10,20,-80.64368159484411,-83.14368159484411,95.0
6,-50.0,-10,20,-80.6436815529153,-120.6436815529153,100.0
3,0.0,-10,20,-80.64368155291527,-70.64368155291527,100.0
1,-25.0,-10,20,-80.64368155291527,-95.64368155291527,95.0
2,-12.5,-10,20,-80.64368152354085,-83.14368152354085,92.5
3,0.0,-10,20,-80.64368148348122,-70.64368148348122,92.5
2,-12.5,-10,20,-80.64368144682206,-83.14368144682206,90.0
4,-12.5,-10,20,-80.64368140180872,-83.14368140180872,92.5
2,-12.5,-10,20,-80.64368137071304,-83.14368137071304,90.0
6,-50.0,-10,20,-80.64368133253105,-120.64368133253106,100.0
5,-25.0,-10,20,-80.64368133253103,-95.64368133253103,100.0
5,-25.0,-10,20,-80.64368133253103,-95.64368133253103,100.0
5,-25.0,-10,20,-80.64368133253103,-95.64368133253103,100.0
1,-25.0,-10,20,-80.64368133253103,-95.64368133253103,95.0
2,-12.5,-10,20,-80.64368132202398,-83.14368132202398,92.5
0,-50.0,-10,20,-80.64368130769479,-120.6436813076948,82.5
1,-25.0,-10,20,-80.64368127631214,-95.64368127631214,77.5
4,-12.5,-10,20,-80.64368123694605,-83.14368123694605,80.0
4,-12.5,-10,20,-80.64368120258457,-83.14368120258457,82.5
3,0.0,-10,20,-80.64368117343574,-70.64368117343574,82.5
5,-25.0,-10,20,-80.64368114535785,-95.64368114535785,87.5
0,-50.0,-10,20,-80.6436811262831,-120.6436811262831,77.5
6,-50.0,-10,20,-80.64368109321535,-120.64368109321535,87.5
3,0.0,-10,20,-80.64368107551644,-70.64368107551644,87.5
2,-12.5,-10,20,-80.64368105889933,-83.14368105889933,85.0
4,-12.5,-10,20,-80.64368104329793,-83.14368104329793,87.5
4,-12.5,-10,20,-80.6436810286501,-83.1436810286501,90.0
4,-12.5,-10,20,-80.64368101771751,-83.14368101771751,92.5
1,-25.0,-10,20,-80.64368101016525,-95.64368101016525,87.5
6,-50.0,-10,20,-80.64368099849985,-120.64368099849986,97.5
3,0.0,-10,20,-80.64368099636398,-70.64368099636398,97.5
3,0.0,-10,20,-80.64368099445893,-70.64368099445893,97.5
4,-12.5,-10,20,-80.64368099275968,-83.14368099275968,100.0
1,-25.0,-10,20,-80.64368099275968,-95.64368099275968,95.0
1,-25.0,-10,20,-80.64368099007362,-95.64368099007362,90.0
3,0.0,-10,20,-80.64368098515828,-70.64368098515828,90.0
4,-12.5,-10,20,-80.64368098060214,-83.14368098060214,92.5
6,-50.0,-10,20,-80.64368097745474,-120.64368097745472,100.0
2,-12.5,-10,20,-80.64368097745474,-83.14368097745474,97.5
5,-25.0,-10,20,-80.64368097661996,-95.64368097661996,100.0
6,-50.0,-10,20,-80.64368097661996,-120.64368097661998,100.0
3,0.0,-10,20,-80.64368097661996,-70.64368097661996,100.0
5,-25.0,-10,20,-80.64368097661996,-95.64368097661996,100.0
3,0.0,-10,20,-80.64368097661996,-70.64368097661996,100.0
6,-50.0,-10,20,-80.64368097661996,-120.64368097661998,100.0
5,-25.0,-10,20,-80.64368097661996,-95.64368097661996,100.0
4,-12.5,-10,20,-80.64368097661996,-83.14368097661996,100.0
2,-12.5,-10,20,-80.64368097661996,-83.14368097661996,97.5
4,-12.5,-10,20,-80.6436809763507,-83.1436809763507,100.0
2,-12.5,-10,20,-80.6436809763507,-83.1436809763507,97.5
6,-50.0,-10,20,-80.64368097613921,-120.6436809761392,100.0
1,-25.0,-10,20,-80.64368097613921,-95.64368097613921,95.0
4,-12.5,-10,20,-80.64368097580487,-83.14368097580487,97.5
6,-50.0,-10,20,-80.64368097565483,-120.64368097565483,100.0
6,-50.0,-10,20,-80.64368097565483,-120.64368097565483,100.0
4,-12.5,-10,20,-80.64368097565483,-83.14368097565483,100.0
6,-50.0,-10,20,-80.64368097565483,-120.64368097565483,100.0
0,-50.0,-10,20,-80.64368097565483,-120.64368097565483,90.0
2,-12.5,-10,20,-80.64368097532672,-83.14368097532672,87.5
3,0.0,-10,20,-80.6436809749442,-70.6436809749442,87.5
3,0.0,-10,20,-80.643680974585,-70.643680974585,87.5
3,0.0,-10,20,-80.64368097424779,-70.64368097424779,87.5
0,-50.0,-10,20,-80.64368097393115,-120.64368097393117,77.5
0,-50.0,-10,20,-80.6436809733823,-120.64368097338229,67.5
4,-12.5,-10,20,-80.6436809725784,-83.1436809725784,70.0
4,-12.5,-10,20,-80.64368097181138,-83.14368097181138,72.5
1,-25.0,-10,20,-80.64368097109389,-95.64368097109389,67.5
5,-25.0,-10,20,-80.64368097022307,-95.64368097022307,72.5
6,-50.0,-10,20,-80.64368096946629,-120.64368096946629,82.5
1,-25.0,-10,20,-80.64368096899031,-95.64368096899031,77.5
5,-25.0,-10,20,-80.64368096839331,-95.64368096839331,82.5
3,0.0,-10,20,-80.64368096794021,-70.64368096794021,82.5
3,0.0,-10,20,-80.64368096750378,-70.64368096750378,82.5
2,-12.5,-10,20,-80.64368096708336,-83.14368096708336,80.0
1,-25.0,-10,20,-80.64368096661761,-95.64368096661761,75.0
4,-12.5,-10,20,-80.64368096604228,-83.14368096604228,77.5
4,-12.5,-10,20,-80.64368096552721,-83.14368096552721,80.0
6,-50.0,-10,20,-80.64368096507764,-120.64368096507764,90.0
6,-50.0,-10,20,-80.64368096486385,-120.64368096486385,100.0
4,-12.5,-10,20,-80.64368096486385,-83.14368096486385,100.0
6,-50.0,-10,20,-80.64368096486385,-120.64368096486385,100.0
5,-25.0,-10,20,-80.64368096486385,-95.64368096486385,100.0
5,-25.0,-10,20,-80.64368096486385,-95.64368096486385,100.0
5,-25.0,-10,20,-80.64368096486385,-95.64368096486385,100.0
0,-50.0,-10,20,-80.64368096486385,-120.64368096486385,90.0
6,-50.0,-10,20,-80.64368096477142,-120.64368096477142,100.0
4,-12.5,-10,20,-80.64368096477142,-83.14368096477142,100.0
4,-12.5,-10,20,-80.64368096477142,-83.14368096477142,100.0
3,0.0,-10,20,-80.64368096477142,-70.64368096477142,100.0
3,0.0,-10,20,-80.64368096477142,-70.64368096477142,100.0
5,-25.0,-10,20,-80.64368096477142,-95.64368096477142,100.0
5,-25.0,-10,20,-80.64368096477142,-95.64368096477142,100.0
2,-12.5,-10,20,-80.64368096477142,-83.14368096477142,97.5
2,-12.5,-10,20,-80.64368096476284,-83.14368096476284,95.0
3,0.0,-10,20,-80.64368096474735,-70.64368096474735,95.0
6,-50.0,-10,20,-80.64368096473336,-120.64368096473336,100.0
5,-25.0,-10,20,-80.64368096473336,-95.64368096473336,100.0
0,-50.0,-10,20,-80.64368096473336,-120.64368096473336,90.0
6,-50.0,-10,20,-80.64368096471354,-120.64368096471355,100.0
6,-50.0,-10,20,-80.64368096471354,-120.64368096471355,100.0
0,-50.0,-10,20,-80.64368096471354,-120.64368096471355,90.0
5,-25.0,-10,20,-80.64368096469927,-95.64368096469927,95.0
2,-12.5,-10,20,-80.64368096469275,-83.14368096469275,92.5
1,-25.0,-10,20,-80.64368096468382,-95.64368096468382,87.5
4,-12.5,-10,20,-80.64368096467005,-83.14368096467005,90.0
4,-12.5,-10,20,-80.64368096465982,-83.14368096465982,92.5
3,0.0,-10,20,-80.6436809646527,-70.6436809646527,92.5
2,-12.5,-10,20,-80.64368096464621,-83.14368096464621,90.0
2,-12.5,-10,20,-80.64368096463824,-83.14368096463824,87.5
4,-12.5,-10,20,-80.64368096462891,-83.14368096462891,90.0
3,0.0,-10,20,-80.64368096462198,-70.64368096462198,90.0
4,-12.5,-10,20,-80.64368096461553,-83.14368096461553,92.5
0,-50.0,-10,20,-80.64368096461108,-120.64368096461106,82.5
2,-12.5,-10,20,-80.64368096460136,-83.14368096460136,80.0
4,-12.5,-10,20,-80.6436809645906,-83.1436809645906,82.5
2,-12.5,-10,20,-80.64368096458008,-83.14368096458008,80.0
2,-12.5,-10,20,-80.64368096457133,-83.14368096457133,77.5
1,-25.0,-10,20,-80.64368096456013,-95.64368096456013,72.5
2,-12.5,-10,20,-80.64368096454649,-83.14368096454649,70.0
4,-12.5,-10,20,-80.64368096453123,-83.14368096453123,72.5
5,-25.0,-10,20,-80.64368096451696,-95.64368096451696,77.5
4,-12.5,-10,20,-80.64368096450528,-83.14368096450528,80.0
3,0.0,-10,20,-80.64368096449506,-70.64368096449506,80.0
1,-25.0,-10,20,-80.64368096448513,-95.64368096448513,75.0
3,0.0,-10,20,-80.64368096447282,-70.64368096447282,75.0
2,-12.5,-10,20,-80.64368096446054,-83.14368096446054,72.5
6,-50.0,-10,20,-80.64368096444682,-120.64368096444682,82.5
6,-50.0,-10,20,-80.64368096443822,-120.6436809644382,92.5
6,-50.0,-10,20,-80.6436809644348,-120.6436809644348,100.0
5,-25.0,-10,20,-80.6436809644348,-95.6436809644348,100.0
3,0.0,-10,20,-80.6436809644348,-70.6436809644348,100.0
4,-12.5,-10,20,-80.6436809644348,-83.1436809644348,100.0
5,-25.0,-10,20,-80.6436809644348,-95.6436809644348,100.0
3,0.0,-10,20,-80.6436809644348,-70.6436809644348,100.0
1,-25.0,-10,20,-80.6436809644348,-95.6436809644348,95.0
3,0.0,-10,20,-80.64368096443383,-70.64368096443383,95.0
4,-12.5,-10,20,-80.64368096443292,-83.14368096443292,97.5
2,-12.5,-10,20,-80.64368096443253,-83.14368096443253,95.0
5,-25.0,-10,20,-80.64368096443184,-95.64368096443184,100.0
3,0.0,-10,20,-80.64368096440303,-70.64368096440303,100.0
1,-25.0,-10,20,-80.64367106993646,-95.64367106993646,95.0
6,-50.0,-10,20,-80.64365128119833,-120.64365128119834,100.0
0,-50.0,-10,20,-80.64362159783984,-120.64362159783985,90.0
4,-12.5,-10,20,-80.64358201999826,-83.14358201999826,92.5
2,-12.5,-10,20,-80.64353254771737,-83.14353254771737,90.0
4,-12.5,-10,20,-80.64347318100532,-83.14347318100532,92.5
2,-12.5,-10,20,-80.64340391942122,-83.14340391942122,90.0
6,-50.0,-10,20,-80.64332476375873,-120.64332476375873,100.0
1,-25.0,-10,20,-80.64323571389993,-95.64323571389993,95.0
3,0.0,-10,20,-80.64313676982744,-70.64313676982744,95.0
4,-12.5,-10,20,-80.64302793177677,-83.14302793177677,97.5
4,-12.5,-10,20,-80.64290919918639,-83.14290919918639,100.0
3,0.0,-10,20,-80.64278057177526,-70.64278057177526,100.0
5,-25.0,-10,20,-80.64264205032835,-95.64264205032835,100.0
0,-50.0,-10,20,-80.64249363532382,-120.64249363532383,90.0
3,0.0,-10,20,-80.64233532612747,-70.64233532612747,90.0
3,0.0,-10,20,-80.64216712314204,-70.64216712314204,90.0
0,-50.0,-10,20,-80.64198902772179,-120.64198902772179,80.0
1,-25.0,-10,20,-80.64180103711303,-95.64180103711303,75.0
6,-50.0,-10,20,-80.64160315256886,-120.64160315256885,85.0
3,0.0,-10,20,-80.64098348349674,-70.64098348349674,85.0
6,-50.0,-10,20,-80.63994204016925,-120.63994204016925,95.0
1,-25.0,-10,20,-80.63847883859042,-95.63847883859042,90.0
6,-50.0,-10,20,-80.63659390100622,-120.63659390100622,100.0
5,-25.0,-10,20,-80.63428725828246,-95.63428725828246,100.0
0,-50.0,-10,20,-80.63155894642034,-120.63155894642034,90.0
4,-12.5,-10,20,-80.62840900812998,-83.12840900812998,92.5
4,-12.5,-10,20,-80.62483749059952,-83.12483749059952,95.0
3,0.0,-10,20,-80.62084445167773,-70.62084445167773,95.0
4,-12.5,-10,20,-80.61642995701234,-83.11642995701234,97.5
1,-25.0,-10,20,-80.61159407015145,-95.61159407015145,92.5
0,-50.0,-10,20,-80.60633686833955,-120.60633686833955,82.5
3,0.0,-10,20,-80.6006584383417,-70.6006584383417,82.5
5,-25.0,-10,20,-80.59455886356352,-95.59455886356352,87.5
6,-50.0,-10,20,-80.58803824513501,-120.58803824513501,97.5
0,-50.0,-10,20,-80.58109668056639,-120.58109668056639,87.5
6,-50.0,-10,20,-80.57373427744022,-120.57373427744022,97.5
6,-50.0,-10,20,-80.56595115848731,-120.56595115848731,100.0
3,0.0,-10,20,-80.55774744266125,-70.55774744266125,100.0
4,-12.5,-10,20,-80.54912325761082,-83.04912325761082,100.0
4,-12.5,-10,20,-80.54032373346594,-83.04032373346594,100.0
5,-25.0,-10,20,-80.53134893245047,-95.53134893245047,100.0
5,-25.0,-10,20,-80.52219890873856,-95.52219890873856,100.0
1,-25.0,-10,20,-80.51287372433684,-95.51287372433684,95.0
5,-25.0,-10,20,-80.5033734402711,-95.5033734402711,100.0
0,-50.0,-10,20,-80.49369812795004,-120.49369812795004,90.0
6,-50.0,-10,20,-80.48384783063412,-120.48384783063412,100.0
5,-25.0,-10,20,-80.47382262673933,-95.47382262673933,100.0
0,-50.0,-10,20,-80.4636225752125,-120.4636225752125,90.0
5,-25.0,-10,20,-80.4532477492046,-95.4532477492046,95.0
3,0.0,-10,20,-80.44269820397231,-70.44269820397231,95.0
4,-12.5,-10,20,-80.43197402405285,-82.93197402405285,97.5
3,0.0,-10,20,-80.42107526559681,-70.42107526559681,97.5
6,-50.0,-10,20,-80.41000201770916,-120.41000201770916,100.0
1,-25.0,-10,20,-80.39875433088022,-95.39875433088022,95.0
4,-12.5,-10,20,-80.38733228270964,-82.88733228270964,97.5
5,-25.0,-10,20,-80.37573596962841,-95.37573596962841,100.0
4,-12.5,-10,20,-80.36396545449801,-82.86396545449801,100.0
5,-25.0,-10,20,-80.3520208173955,-95.3520208173955,100.0
4,-12.5,-10,20,-80.33990212935169,-82.83990212935169,100.0
5,-25.0,-10,20,-80.32691321781238,-95.32691321781238,100.0
2,-12.5,-10,20,-80.31305449257798,-82.81305449257798,97.5
0,-50.0,-10,20,-80.29832640699135,-120.29832640699135,87.5
4,-12.5,-10,20,-80.28272944731306,-82.78272944731306,90.0
6,-50.0,-10,20,-80.26626410349648,-120.2662641034965,100.0
3,0.0,-10,20,-80.24893092845954,-70.24893092845954,100.0
1,-25.0,-10,20,-80.23073047113668,-95.23073047113668,95.0
5,-25.0,-10,20,-80.21166334324248,-95.21166334324248,100.0
3,0.0,-10,20,-80.19173013541902,-70.19173013541902,100.0
2,-12.5,-10,20,-80.17093152139147,-82.67093152139147,97.5
6,-50.0,-10,20,-80.14926817665092,-120.14926817665093,100.0
1,-25.0,-10,20,-80.12674081911018,-95.12674081911018,95.0
4,-12.5,-10,20,-80.10335015251701,-82.60335015251701,97.5
2,-12.5,-10,20,-80.07909694670136,-82.57909694670136,95.0
6,-50.0,-10,20,-80.05398198454188,-120.05398198454188,100.0
3,0.0,-10,20,-80.02800607947209,-70.02800607947209,100.0
2,-12.5,-10,20,-80.00117005790436,-82.50117005790436,97.5
6,-50.0,-10,20,-79.97347483639585,-119.97347483639584,100.0
2,-12.5,-10,20,-79.9449212812148,-82.4449212812148,97.5
4,-12.5,-10,20,-79.91551036603173,-82.41551036603173,100.0
2,-12.5,-10,20,-79.8846172160558,-82.3846172160558,97.5
5,-25.0,-10,20,-79.85224359840436,-94.85224359840436,100.0
3,0.0,-10,20,-79.81839143989117,-69.81839143989117,100.0
4,-12.5,-10,20,-79.78306246258492,-82.28306246258492,100.0
0,-50.0,-10,20,-79.74625875282226,-119.74625875282226,90.0
0,-50.0,-10,20,-79.7079822922559,-119.7079822922559,80.0
3,0.0,-10,20,-79.66823526592238,-69.66823526592238,80.0
3,0.0,-10,20,-79.62701988331833,-69.62701988331833,80.0
3,0.0,-10,20,-79.58433845588281,-69.58433845588281,80.0
3,0.0,-10,20,-79.54019334742534,-69.54019334742534,80.0
5,-25.0,-10,20,-79.49458702395513,-94.49458702395513,85.0
6,-50.0,-10,20,-79.44752196253079,-119.4475219625308,95.0
1,-25.0,-10,20,-79.39900087213614,-94.39900087213614,90.0
5,-25.0,-10,20,-79.34902645577199,-94.34902645577199,95.0
5,-25.0,-10,20,-79.29760152939538,-94.29760152939538,100.0
1,-25.0,-10,20,-79.24472881575471,-94.24472881575471,95.0
2,-12.5,-10,20,-79.19041141713475,-81.69041141713475,92.5
5,-25.0,-10,20,-79.13465221769715,-94.13465221769715,97.5
6,-50.0,-10,20,-79.0774543676733,-119.07745436767328,100.0
3,0.0,-10,20,-79.0188211181011,-69.0188211181011,100.0
0,-50.0,-10,20,-78.96187655561842,-118.9618765556184,90.0
2,-12.5,-10,20,-78.90661723281573,-81.40661723281573,87.5
5,-25.0,-10,20,-78.8530396736871,-93.8530396736871,92.5
6,-50.0,-10,20,-78.80114040913409,-118.80114040913409,100.0
2,-12.5,-10,20,-78.75091621278739,-81.25091621278739,97.5
2,-12.5,-10,20,-78.70236397108523,-81.20236397108523,95.0
1,-25.0,-10,20,-78.65548057366682,-93.65548057366682,90.0
5,-25.0,-10,20,-78.61026313049462,-93.61026313049462,95.0
3,0.0,-10,20,-78.56670890788965,-68.56670890788965,95.0
3,0.0,-10,20,-78.52481486988451,-68.52481486988451,95.0
5,-25.0,-10,20,-78.48457854903255,-93.48457854903255,100.0
5,-25.0,-10,20,-78.4459974081015,-93.4459974081015,100.0
2,-12.5,-10,20,-78.40906905310122,-80.90906905310122,97.5
0,-50.0,-10,20,-78.37379118246032,-118.37379118246031,87.5
1,-25.0,-10,20,-78.34016146339657,-93.34016146339657,82.5
6,-50.0,-10,20,-78.30817788977596,-118.30817788977595,92.5
5,-25.0,-10,20,-78.2778385344673,-93.2778385344673,97.5
1,-25.0,-10,20,-78.24914124647216,-93.24914124647216,92.5
2,-12.5,-10,20,-78.22208448910649,-80.72208448910649,90.0
0,-50.0,-10,20,-78.19666644738491,-118.19666644738493,80.0
3,0.0,-10,20,-78.1714423667827,-68.1714423667827,80.0
0,-50.0,-10,20,-78.14641205009937,-118.14641205009937,70.0
1,-25.0,-10,20,-78.1215753401227,-93.1215753401227,65.0
3,0.0,-10,20,-78.09693195152165,-68.09693195152165,65.0
5,-25.0,-10,20,-78.07248181936396,-93.07248181936396,70.0
6,-50.0,-10,20,-78.04822477115837,-118.04822477115837,80.0
2,-12.5,-10,20,-78.02416054918181,-80.52416054918181,77.5
0,-50.0,-10,20,-78.00028906489052,-118.00028906489052,67.5
4,-12.5,-10,20,-77.97661008874444,-80.47661008874444,70.0
3,0.0,-10,20,-77.95312342680789,-67.95312342680789,70.0
6,-50.0,-10,20,-77.92982899024976,-117.92982899024975,80.0
3,0.0,-10,20,-77.90672652879255,-67.90672652879255,80.0
1,-25.0,-10,20,-77.88381584555398,-92.88381584555398,75.0
4,-12.5,-10,20,-77.86109679982422,-80.36109679982422,77.5
5,-25.0,-10,20,-77.83856938445881,-92.83856938445881,82.5
5,-25.0,-10,20,-77.8162333249401,-92.8162333249401,87.5
6,-50.0,-10,20,-77.79408846441346,-117.79408846441345,97.5
4,-12.5,-10,20,-77.77213466830666,-80.27213466830666,100.0
1,-25.0,-10,20,-77.75037172816504,-92.75037172816504,95.0
4,-12.5,-10,20,-77.72879938398509,-80.22879938398509,97.5
5,-25.0,-10,20,-77.70473595942734,-92.70473595942734,100.0
0,-50.0,-10,20,-77.67818371767538,-117.67818371767538,90.0
1,-25.0,-10,20,-77.64914522293088,-92.64914522293088,85.0
3,0.0,-10,20,-77.61762310558893,-67.61762310558893,85.0
0,-50.0,-10,20,-77.58362047802069,-117.58362047802069,75.0
3,0.0,-10,20,-77.54714070901822,-67.54714070901822,75.0
4,-12.5,-10,20,-77.50818726582541,-80.00818726582541,77.5
3,0.0,-10,20,-77.46676377423324,-67.46676377423324,77.5
2,-12.5,-10,20,-77.422874340264,-79.922874340264,75.0
6,-50.0,-10,20,-77.37652316272155,-117.37652316272155,85.0
1,-25.0,-10,20,-77.32771460273702,-92.32771460273702,80.0
2,-12.5,-10,20,-77.27645339918317,-79.77645339918317,77.5
5,-25.0,-10,20,-77.22274444855911,-92.22274444855911,82.5
1,-25.0,-10,20,-77.16659288888492,-92.16659288888492,77.5
6,-50.0,-10,20,-77.10800424098397,-117.10800424098397,87.5
6,-50.0,-10,20,-77.04698405273432,-117.04698405273433,97.5
3,0.0,-10,20,-76.98353824151233,-66.98353824151233,97.5
0,-50.0,-10,20,-76.91767295222759,-116.91767295222758,87.5
4,-12.5,-10,20,-76.84939421150676,-79.34939421150676,90.0
4,-12.5,-10,20,-76.77870864650623,-79.27870864650623,92.5
0,-50.0,-10,20,-76.7074257883354,-116.7074257883354,82.5
5,-25.0,-10,20,-76.63554754131273,-91.63554754131273,87.5
4,-12.5,-10,20,-76.56307588268537,-79.06307588268537,90.0
2,-12.5,-10,20,-76.4900123538539,-78.9900123538539,87.5
1,-25.0,-10,20,-76.41635888718852,-91.41635888718852,82.5
2,-12.5,-10,20,-76.34211738748658,-78.84211738748658,80.0
5,-25.0,-10,20,-76.26728959771081,-91.26728959771081,85.0
4,-12.5,-10,20,-76.19187741886607,-78.69187741886607,87.5
4,-12.5,-10,20,-76.1158829424242,-78.6158829424242,90.0
5,-25.0,-10,20,-76.03930769126475,-91.03930769126475,95.0
1,-25.0,-10,20,-75.96215359391996,-90.96215359391996,90.0
4,-12.5,-10,20,-75.88442286207186,-78.38442286207186,92.5
3,0.0,-10,20,-75.8061173885112,-65.8061173885112,92.5
4,-12.5,-10,20,-75.72723904068224,-78.22723904068224,95.0
4,-12.5,-10,20,-75.64778986296893,-78.14778986296893,97.5
6,-50.0,-10,20,-75.5677714991124,-115.56777149911238,100.0
4,-12.5,-10,20,-75.4871860488591,-77.9871860488591,100.0
6,-50.0,-10,20,-75.40603566763865,-115.40603566763866,100.0
6,-50.0,-10,20,-75.32432254177874,-115.32432254177874,100.0
5,-25.0,-10,20,-75.242048436009,-90.242048436009,100.0
6,-50.0,-10,20,-75.1607021108234,-115.1607021108234,100.0
4,-12.5,-10,20,-75.08028080180148,-77.58028080180148,100.0
4,-12.5,-10,20,-75.00078209536774,-77.50078209536774,100.0
6,-50.0,-10,20,-74.92220322581085,-114.92220322581085,100.0
0,-50.0,-10,20,-74.84454109868199,-114.84454109868199,90.0
3,0.0,-10,20,-74.76779314462901,-64.76779314462901,90.0
1,-25.0,-10,20,-74.69195670495273,-89.69195670495273,85.0
6,-50.0,-10,20,-74.61702940000923,-114.61702940000924,95.0
4,-12.5,-10,20,-74.54300879100784,-77.04300879100784,97.5
6,-50.0,-10,20,-74.46989178319095,-114.46989178319095,100.0
6,-50.0,-10,20,-74.39767613445858,-114.39767613445858,100.0
1,-25.0,-10,20,-74.32635926079878,-89.32635926079878,95.0
0,-50.0,-10,20,-74.25593891187829,-114.25593891187827,85.0
4,-12.5,-10,20,-74.18641263647292,-76.68641263647292,87.5
6,-50.0,-10,20,-74.11777786236603,-114.11777786236604,97.5
3,0.0,-10,20,-74.05003211736376,-64.05003211736376,97.5
4,-12.5,-10,20,-73.98317363971138,-76.48317363971138,100.0
5,-25.0,-10,20,-73.91719989265235,-88.91719989265235,100.0
0,-50.0,-10,20,-73.85210834232551,-113.8521083423255,90.0
5,-25.0,-10,20,-73.7878969350814,-88.7878969350814,95.0
2,-12.5,-10,20,-73.72024168495754,-76.22024168495754,92.5
2,-12.5,-10,20,-73.64915234508392,-76.14915234508392,90.0
6,-50.0,-10,20,-73.57463905901837,-113.57463905901835,100.0
6,-50.0,-10,20,-73.49671189594221,-113.49671189594221,100.0
3,0.0,-10,20,-73.41538191221464,-63.41538191221464,100.0
1,-25.0,-10,20,-73.33066109514193,-88.33066109514193,95.0
3,0.0,-10,20,-73.24256097718347,-63.24256097718347,95.0
6,-50.0,-10,20,-73.15109407263132,-113.15109407263134,100.0
3,0.0,-10,20,-73.05627311579165,-63.056273115791655,100.0
6,-50.0,-10,20,-72.95811131193277,-112.95811131193278,100.0
0,-50.0,-10,20,-72.8566227657,-112.8566227657,90.0
4,-12.5,-10,20,-72.75182178707935,-75.25182178707935,92.5
6,-50.0,-10,20,-72.64372308853578,-112.64372308853578,100.0
5,-25.0,-10,20,-72.5323418324623,-87.5323418324623,100.0
0,-50.0,-10,20,-72.41769367994263,-112.41769367994263,90.0
4,-12.5,-10,20,-72.29979411706822,-74.79979411706822,92.5
5,-25.0,-10,20,-72.17866026167803,-87.17866026167803,97.5
2,-12.5,-10,20,-72.05430849072889,-74.55430849072889,95.0
6,-50.0,-10,20,-71.92675643491478,-111.92675643491478,100.0
3,0.0,-10,20,-71.79602204772172,-61.79602204772172,100.0
4,-12.5,-10,20,-71.66212313584333,-74.16212313584333,100.0
0,-50.0,-10,20,-71.5250783498677,-111.5250783498677,90.0
2,-12.5,-10,20,-71.38490654437483,-73.88490654437483,87.5
5,-25.0,-10,20,-71.2416270786854,-86.2416270786854,92.5
3,0.0,-10,20,-71.09525986640337,-61.09525986640337,92.5
2,-12.5,-10,20,-70.94582490932795,-73.44582490932795,90.0
6,-50.0,-10,20,-70.79334280198213,-110.79334280198213,100.0
2,-12.5,-10,20,-70.63783492054385,-73.13783492054385,97.5
6,-50.0,-10,20,-70.47932256129542,-110.47932256129542,100.0
6,-50.0,-10,20,-70.3178278268783,-110.3178278268783,100.0
2,-12.5,-10,20,-70.15337215756,-72.65337215756,97.5
5,-25.0,-10,20,-69.98597842502774,-84.98597842502774,100.0
5,-25.0,-10,20,-69.81566911485768,-84.81566911485768,100.0
3,0.0,-10,20,-69.64246838225219,-59.64246838225219,100.0
2,-12.5,-10,20,-69.46639917449909,-71.96639917449909,97.5
2,-12.5,-10,20,-69.28748565726188,-71.78748565726188,95.0
2,-12.5,-10,20,-69.10575217466703,-71.60575217466703,92.5
3,0.0,-10,20,-68.92122296965461,-58.92122296965461,92.5
4,-12.5,-10,20,-68.73392343124283,-71.23392343124283,95.0
3,0.0,-10,20,-68.54387856690052,-58.54387856690052,95.0
0,-50.0,-10,20,-68.35612592977837,-108.35612592977839,85.0
0,-50.0,-10,20,-68.17064896352124,-108.17064896352124,75.0
4,-12.5,-10,20,-67.9874319662112,-70.4874319662112,77.5
6,-50.0,-10,20,-67.80645932420916,-107.80645932420916,87.5
1,-25.0,-10,20,-67.62771599972399,-82.62771599972399,82.5
3,0.0,-10,20,-67.45118664976982,-57.451186649769824,82.5
5,-25.0,-10,20,-67.27685649808957,-82.27685649808957,87.5
3,0.0,-10,20,-67.10471126664716,-57.10471126664716,87.5
6,-50.0,-10,20,-66.93473610599463,-106.93473610599463,97.5
2,-12.5,-10,20,-66.76691652315368,-69.26691652315368,95.0
6,-50.0,-10,20,-66.60123876490849,-106.60123876490849,100.0
1,-25.0,-10,20,-66.43768863165187,-81.43768863165187,95.0
0,-50.0,-10,20,-66.27625267885422,-106.27625267885422,85.0
6,-50.0,-10,20,-66.11691746916433,-106.11691746916433,95.0
4,-12.5,-10,20,-65.95967014401029,-68.45967014401029,97.5
0,-50.0,-10,20,-65.80449659321876,-105.80449659321876,87.5
4,-12.5,-10,20,-65.65138487082523,-68.15138487082523,90.0
6,-50.0,-10,20,-65.50032170302737,-105.50032170302737,100.0
0,-50.0,-10,20,-65.35129594991824,-105.35129594991824,90.0
1,-25.0,-10,20,-65.20429299093729,-80.20429299093729,85.0
4,-12.5,-10,20,-65.05629777992581,-67.55629777992581,87.5
0,-50.0,-10,20,-64.90731825757345,-104.90731825757345,77.5
0,-50.0,-10,20,-64.75736296428303,-104.75736296428303,67.5
3,0.0,-10,20,-64.60644003062346,-54.60644003062346,67.5
4,-12.5,-10,20,-64.45455805244171,-66.95455805244171,70.0
4,-12.5,-10,20,-64.3017254124159,-66.8017254124159,72.5
1,-25.0,-10,20,-64.14795088172366,-79.14795088172366,67.5
4,-12.5,-10,20,-63.993242482511675,-66.49324248251168,70.0
3,0.0,-10,20,-63.83760864832058,-53.83760864832058,70.0
4,-12.5,-10,20,-63.68105819565073,-66.18105819565073,72.5
1,-25.0,-10,20,-63.52360031184453,-78.52360031184453,67.5
3,0.0,-10,20,-63.36524314343372,-53.36524314343373,67.5
4,-12.5,-10,20,-63.20599510120924,-65.70599510120924,70.0
5,-25.0,-10,20,-63.04586529395521,-78.04586529395522,75.0
5,-25.0,-10,20,-62.88486214258553,-77.88486214258553,80.0
4,-12.5,-10,20,-62.72299555522922,-65.22299555522922,82.5
5,-25.0,-10,20,-62.56027223081251,-77.5602722308125,87.5
4,-12.5,-10,20,-62.39670200517783,-64.89670200517783,90.0
0,-50.0,-10,20,-62.23229365231595,-102.23229365231595,80.0
5,-25.0,-10,20,-62.06705653622897,-77.06705653622896,85.0
4,-12.5,-10,20,-61.896239316735674,-64.39623931673567,87.5
3,0.0,-10,20,-61.719890724303504,-51.7198907243035,87.5
5,-25.0,-10,20,-61.53806031301209,-76.5380603130121,92.5
1,-25.0,-10,20,-61.35079921866875,-76.35079921866875,87.5
1,-25.0,-10,20,-61.158161444142955,-76.15816144414296,82.5
3,0.0,-10,20,-60.960200599426685,-50.960200599426685,82.5
3,0.0,-10,20,-60.75697189331998,-50.756971893319985,82.5
0,-50.0,-10,20,-60.54853316266882,-100.54853316266882,72.5
6,-50.0,-10,20,-60.33494253781502,-100.33494253781501,82.5
5,-25.0,-10,20,-60.11625951681996,-75.11625951681995,87.5
3,0.0,-10,20,-59.89254467291792,-49.89254467291792,87.5
3,0.0,-10,20,-59.66386112415166,-49.66386112415165,87.5
3,0.0,-10,20,-59.430272511282126,-49.430272511282126,87.5
2,-12.5,-10,20,-59.191840437784606,-61.691840437784606,85.0
6,-50.0,-10,20,-58.94863326585576,-98.94863326585576,95.0
2,-12.5,-10,20,-58.70071750318125,-61.20071750318125,92.5
4,-12.5,-10,20,-58.44816032244806,-60.94816032244806,95.0
6,-50.0,-10,20,-58.19103138887292,-98.19103138887291,100.0
0,-50.0,-10,20,-57.92939994648471,-97.92939994648471,90.0
5,-25.0,-10,20,-57.663338161995114,-72.66333816199511,95.0
5,-25.0,-10,20,-57.39539088990672,-72.39539088990672,100.0
5,-25.0,-10,20,-57.12559708790454,-72.12559708790454,100.0
4,-12.5,-10,20,-56.85399369082265,-59.35399369082265,100.0
3,0.0,-10,20,-56.58061880320218,-46.580618803202185,100.0
6,-50.0,-10,20,-56.3055097581224,-96.3055097581224,100.0
4,-12.5,-10,20,-56.02870605919197,-58.52870605919196,100.0
6,-50.0,-10,20,-55.75024524861239,-95.75024524861239,100.0
2,-12.5,-10,20,-55.47016599740762,-57.97016599740762,97.5
5,-25.0,-10,20,-55.18850622771221,-70.18850622771221,100.0
1,-25.0,-10,20,-54.90530412158328,-69.90530412158327,95.0
0,-50.0,-10,20,-54.62059933036656,-94.62059933036656,85.0
3,0.0,-10,20,-54.33442961881322,-44.33442961881322,85.0
6,-50.0,-10,20,-54.046835603406016,-94.04683560340601,95.0
1,-25.0,-10,20,-53.75785180675958,-68.75785180675959,90.0
0,-50.0,-10,20,-53.46751941296931,-93.46751941296931,80.0
2,-12.5,-10,20,-53.17587644100024,-55.67587644100024,77.5
3,0.0,-10,20,-52.882961481824466,-42.882961481824466,77.5
4,-12.5,-10,20,-52.58881354286052,-55.08881354286052,80.0
6,-50.0,-10,20,-52.29347089611599,-92.29347089611599,90.0
6,-50.0,-10,20,-51.99697328909064,-91.99697328909065,100.0
6,-50.0,-10,20,-51.703273927813385,-91.70327392781338,100.0
5,-25.0,-10,20,-51.41234477591655,-66.41234477591655,100.0
2,-12.5,-10,20,-51.124157381475996,-53.624157381475996,97.5
1,-25.0,-10,20,-50.838685297825,-65.83868529782501,92.5
2,-12.5,-10,20,-50.555900888475904,-53.055900888475904,90.0
3,0.0,-10,20,-50.27577642206335,-40.27577642206335,90.0
2,-12.5,-10,20,-49.99828473874871,-52.49828473874871,87.5
1,-25.0,-10,20,-49.72339925796585,-64.72339925796585,82.5
4,-12.5,-10,20,-49.45109432716212,-51.95109432716211,85.0
1,-25.0,-10,20,-49.18134397981494,-64.18134397981494,80.0
2,-12.5,-10,20,-48.91412262337637,-51.41412262337637,77.5
5,-25.0,-10,20,-48.6494046425442,-63.6494046425442,82.5
0,-50.0,-10,20,-48.38716629047943,-88.38716629047943,72.5
1,-25.0,-10,20,-48.12738169236865,-63.12738169236866,67.5
6,-50.0,-10,20,-47.870027667945564,-87.87002766794556,77.5
6,-50.0,-10,20,-47.61507817747813,-87.61507817747813,87.5
2,-12.5,-10,20,-47.362510432948696,-49.862510432948696,85.0
0,-50.0,-10,20,-47.112301140542,-87.112301140542,75.0
5,-25.0,-10,20,-46.86442697056876,-61.86442697056876,80.0
0,-50.0,-10,20,-46.618865137597226,-86.61886513759723,70.0
6,-50.0,-10,20,-46.374792940539024,-86.37479294053902,80.0
1,-25.0,-10,20,-46.13220115191279,-61.132201151912795,75.0
3,0.0,-10,20,-45.891080212111845,-35.891080212111845,75.0
5,-25.0,-10,20,-45.651419242117015,-60.651419242117015,80.0
1,-25.0,-10,20,-45.41320955815625,-60.41320955815624,75.0
0,-50.0,-10,20,-45.176441456504705,-85.1764414565047,65.0
3,0.0,-10,20,-44.941104062294116,-34.941104062294116,65.0
1,-25.0,-10,20,-44.70718929851487,-59.70718929851486,60.0
4,-12.5,-10,20,-44.474686518014494,-46.974686518014494,62.5
4,-12.5,-10,20,-44.24358710605556,-46.74358710605556,65.0
0,-50.0,-10,20,-44.01388230999708,-84.01388230999709,55.0
4,-12.5,-10,20,-43.78556339782332,-46.285563397823324,57.5
3,0.0,-10,20,-43.55861988077643,-33.55861988077643,57.5
3,0.0,-10,20,-43.33304268597282,-33.33304268597282,57.5
4,-12.5,-10,20,-43.108822655562236,-45.608822655562236,60.0
3,0.0,-10,20,-42.885949590482575,-32.885949590482575,60.0
1,-25.0,-10,20,-42.66441693323767,-57.664416933237675,55.0
3,0.0,-10,20,-42.44421497076742,-32.44421497076742,55.0
5,-25.0,-10,20,-42.225334440536614,-57.225334440536614,60.0
5,-25.0,-10,20,-42.00776716385637,-57.00776716385637,65.0
1,-25.0,-10,20,-41.79092200091241,-56.79092200091242,60.0
0,-50.0,-10,20,-41.57479700453726,-81.57479700453726,50.0
0,-50.0,-10,20,-41.35939356018184,-81.35939356018184,40.0
3,0.0,-10,20,-41.14471137131921,-31.14471137131921,40.0
1,-25.0,-10,20,-40.930751416273885,-55.93075141627389,35.0
6,-50.0,-10,20,-40.71751431167661,-80.71751431167661,45.0
1,-25.0,-10,20,-40.50500072521444,-55.505000725214444,40.0
1,-25.0,-10,20,-40.29320718117628,-55.293207181176285,35.0
3,0.0,-10,20,-40.08213764731298,-30.082137647312983,35.0
5,-25.0,-10,20,-39.87179319311498,-54.87179319311498,40.0
3,0.0,-10,20,-39.66217322886319,-29.66217322886319,40.0
5,-25.0,-10,20,-39.45327617083237,-54.45327617083237,45.0
0,-50.0,-10,20,-39.24510327609474,-79.24510327609474,35.0
2,-12.5,-10,20,-39.03765408479731,-41.53765408479731,32.5
1,-25.0,-10,20,-38.83093099569883,-53.83093099569882,27.5
4,-12.5,-10,20,-38.624933450921255,-41.124933450921255,30.0
6,-50.0,-10,20,-38.41966004046856,-78.41966004046856,40.0
3,0.0,-10,20,-38.21511085595788,-28.21511085595788,40.0
6,-50.0,-10,20,-38.01128782931499,-78.011287829315,50.0
3,0.0,10,20,86.86781762181123,116.86781762181123,50.0
1,-25.0,10,20,86.71985165147079,91.71985165147079,45.0
5,-25.0,10,20,86.86781762181123,91.86781762181123,50.0
2,-12.5,10,20,86.87031711400061,104.37031711400061,47.5
0,-50.0,10,20,85.7203632016282,65.7203632016282,37.5
5,-25.0,10,20,86.45339100082798,91.45339100082798,42.5
6,-50.0,10,20,86.6753834082965,66.6753834082965,52.5
3,0.0,10,20,86.6753834082965,116.6753834082965,52.5
3,0.0,10,20,86.6753834082965,116.6753834082965,52.5
2,-12.5,10,20,86.86781762181123,104.36781762181123,50.0
6,-50.0,10,20,84.58877477373838,64.58877477373838,60.0
3,0.0,10,20,84.58877477373838,114.58877477373838,60.0
0,-50.0,10,20,86.86781762181123,66.86781762181123,50.0
3,0.0,10,20,86.86781762181123,116.86781762181123,50.0
6,-50.0,10,20,84.58877477373838,64.58877477373838,60.0
0,-50.0,10,20,86.86781762181123,66.86781762181123,50.0
4,-12.5,10,20,86.6753834082965,104.1753834082965,52.5
2,-12.5,10,20,86.86781762181123,104.36781762181123,50.0
0,-50.0,10,20,86.10790492867844,66.10790492867844,40.0
6,-50.0,10,20,86.86781762181123,66.86781762181123,50.0
5,-25.0,10,20,86.25604470685025,91.25604470685025,55.0
4,-12.5,10,20,85.57283175086626,103.07283175086626,57.5
3,0.0,10,20,85.57283175086626,115.57283175086626,57.5
1,-25.0,10,20,86.6753834082965,91.6753834082965,52.5
0,-50.0,10,20,86.45339100082798,66.45339100082798,42.5
4,-12.5,10,20,86.71985165147079,104.21985165147079,45.0
2,-12.5,10,20,86.45339100082798,103.95339100082798,42.5
2,-12.5,10,20,86.10790492867844,103.60790492867844,40.0
2,-12.5,10,20,85.7203632016282,103.2203632016282,37.5
1,-25.0,10,20,84.96699184925053,89.96699184925053,32.5
5,-25.0,10,20,85.7203632016282,90.7203632016282,37.5
6,-50.0,10,20,86.87031711400061,66.87031711400061,47.5
1,-25.0,10,20,86.45339100082798,91.45339100082798,42.5
3,0.0,10,20,86.45339100082798,116.45339100082798,42.5
0,-50.0,10,20,84.96699184925053,64.96699184925053,32.5
4,-12.5,10,20,85.32773558628352,102.82773558628352,35.0
3,0.0,10,20,85.32773558628352,115.32773558628352,35.0
4,-12.5,10,20,85.7203632016282,103.2203632016282,37.5
3,0.0,10,20,85.7203632016282,115.7203632016282,37.5
6,-50.0,10,20,86.87031711400061,66.87031711400061,47.5
1,-25.0,10,20,86.45339100082798,91.45339100082798,42.5
1,-25.0,10,20,85.7203632016282,90.7203632016282,37.5
1,-25.0,10,20,84.96699184925053,89.96699184925053,32.5
2,-12.5,10,20,84.67510175713548,102.17510175713548,30.0
6,-50.0,10,20,86.10790492867844,66.10790492867844,40.0
1,-25.0,10,20,85.32773558628352,90.32773558628352,35.0
2,-12.5,10,20,84.96699184925053,102.46699184925053,32.5
2,-12.5,10,20,84.67510175713548,102.17510175713548,30.0
5,-25.0,10,20,85.32773558628352,90.32773558628352,35.0
4,-12.5,10,20,85.7203632016282,103.2203632016282,37.5
0,-50.0,10,20,84.48903507654443,64.48903507654443,27.5
1,-25.0,10,20,84.58225101635948,89.58225101635948,22.5
3,0.0,10,20,84.58225101635948,114.58225101635948,22.5
0,-50.0,10,20,87.66523356495017,67.66523356495017,12.5
0,-50.0,10,20,96.58200455781834,76.58200455781834,2.5
2,-12.5,10,20,100.0,117.5,0.0
6,-50.0,10,20,89.25508423000082,69.25508423000082,10.0
6,-50.0,10,20,84.9354731699778,64.9354731699778,20.0
5,-25.0,10,20,84.44576157408376,89.44576157408376,25.0
1,-25.0,10,20,84.9354731699778,89.9354731699778,20.0
0,-50.0,10,20,89.25508423000082,69.25508423000082,10.0
3,0.0,10,20,89.25508423000082,119.25508423000082,10.0
2,-12.5,10,20,91.2465164394249,108.7465164394249,7.5
6,-50.0,10,20,85.54239780154485,65.54239780154485,17.5
1,-25.0,10,20,87.66523356495017,92.66523356495017,12.5
6,-50.0,10,20,84.58225101635948,64.58225101635948,22.5
5,-25.0,10,20,84.48903507654443,89.48903507654443,27.5
3,0.0,10,20,84.48903507654443,114.48903507654443,27.5
1,-25.0,10,20,84.58225101635948,89.58225101635948,22.5
0,-50.0,10,20,87.66523356495017,67.66523356495017,12.5
4,-12.5,10,20,86.439994677667,103.939994677667,15.0
1,-25.0,10,20,89.25508423000082,94.25508423000082,10.0
1,-25.0,10,20,93.67649995982862,98.67649995982862,5.0
2,-12.5,10,20,96.58200455781834,114.08200455781834,2.5
5,-25.0,10,20,91.2465164394249,96.2465164394249,7.5
2,-12.5,10,20,93.67649995982862,111.17649995982862,5.0
1,-25.0,10,20,100.0,105.0,0.0
4,-12.5,10,20,96.58200455781834,114.08200455781834,2.5
2,-12.5,10,20,100.0,117.5,0.0
2,-12.5,10,20,100.0,117.5,0.0
3,0.0,10,20,100.0,130.0,0.0
5,-25.0,10,20,93.67649995982862,98.67649995982862,5.0
4,-12.5,10,20,91.2465164394249,108.7465164394249,7.5
2,-12.5,10,20,93.67649995982862,111.17649995982862,5.0
6,-50.0,10,20,86.439994677667,66.439994677667,15.0
2,-12.5,10,20,87.66523356495017,105.16523356495017,12.5
2,-12.5,10,20,89.25508423000082,106.75508423000082,10.0
1,-25.0,10,20,93.67649995982862,98.67649995982862,5.0
4,-12.5,10,20,91.2465164394249,108.7465164394249,7.5
3,0.0,10,20,91.2465164394249,121.2465164394249,7.5
0,-50.0,10,20,100.0,80.0,0.0
1,-25.0,10,20,200.0,205.0,0.0
1,-25.0,10,20,200.0,205.0,0.0
3,0.0,10,20,200.0,230.0,0.0
3,0.0,10,20,200.0,230.0,0.0
5,-25.0,10,20,187.35299991965724,192.35299991965724,5.0
2,-12.5,10,20,193.16400911563667,210.66400911563667,2.5
4,-12.5,10,20,187.35299991965724,204.85299991965724,5.0
4,-12.5,10,20,182.4930328788498,199.9930328788498,7.5
5,-25.0,10,20,175.33046712990034,180.33046712990034,12.5
5,-25.0,10,20,171.0847956030897,176.0847956030897,17.5
1,-25.0,10,20,175.33046712990034,180.33046712990034,12.5
5,-25.0,10,20,171.0847956030897,176.0847956030897,17.5
6,-50.0,10,20,168.97807015308885,148.97807015308885,27.5
2,-12.5,10,20,168.89152314816752,186.39152314816752,25.0
6,-50.0,10,20,170.65547117256705,150.65547117256705,35.0
1,-25.0,10,20,169.35020351427096,174.35020351427096,30.0
4,-12.5,10,20,169.93398369850107,187.43398369850107,32.5
5,-25.0,10,20,171.4407264032564,176.4407264032564,37.5
5,-25.0,10,20,172.90678200165596,177.90678200165596,42.5
3,0.0,10,20,172.90678200165596,202.90678200165596,42.5
2,-12.5,10,20,172.21580985735687,189.71580985735687,40.0
1,-25.0,10,20,170.65547117256705,175.65547117256705,35.0
6,-50.0,10,20,173.43970330294158,153.43970330294158,45.0
1,-25.0,10,20,172.21580985735687,177.21580985735687,40.0
1,-25.0,10,20,170.65547117256705,175.65547117256705,35.0
5,-25.0,10,20,172.21580985735687,177.21580985735687,40.0
5,-25.0,10,20,173.43970330294158,178.43970330294158,45.0
0,-50.0,10,20,170.65547117256705,150.65547117256705,35.0
3,0.0,10,20,170.65547117256705,200.65547117256705,35.0
2,-12.5,10,20,169.93398369850107,187.43398369850107,32.5
1,-25.0,10,20,168.97807015308885,173.97807015308885,27.5
4,-12.5,10,20,169.35020351427096,186.85020351427096,30.0
4,-12.5,10,20,169.93398369850107,187.43398369850107,32.5
0,-50.0,10,20,169.16450203271896,149.16450203271896,22.5
3,0.0,10,20,169.16450203271896,199.16450203271896,22.5
5,-25.0,10,20,168.97807015308885,173.97807015308885,27.5
3,0.0,10,20,168.97807015308885,198.97807015308885,27.5
1,-25.0,10,20,169.16450203271896,174.16450203271896,22.5
4,-12.5,10,20,168.89152314816752,186.39152314816752,25.0
1,-25.0,10,20,169.8709463399556,174.8709463399556,20.0
6,-50.0,10,20,169.35020351427096,149.35020351427096,30.0
2,-12.5,10,20,168.97807015308885,186.47807015308885,27.5
3,0.0,10,20,168.97807015308885,198.97807015308885,27.5
3,0.0,10,20,168.97807015308885,198.97807015308885,27.5
4,-12.5,10,20,169.35020351427096,186.85020351427096,30.0
2,-12.5,10,20,168.97807015308885,186.47807015308885,27.5
2,-12.5,10,20,168.89152314816752,186.39152314816752,25.0
0,-50.0,10,20,172.879989355334,152.879989355334,15.0
3,0.0,10,20,172.879989355334,202.879989355334,15.0
5,-25.0,10,20,169.8709463399556,174.8709463399556,20.0
4,-12.5,10,20,169.16450203271896,186.66450203271896,22.5
5,-25.0,10,20,168.97807015308885,173.97807015308885,27.5
1,-25.0,10,20,169.16450203271896,174.16450203271896,22.5
5,-25.0,10,20,168.97807015308885,173.97807015308885,27.5
2,-12.5,10,20,168.89152314816752,186.39152314816752,25.0
5,-25.0,10,20,169.35020351427096,174.35020351427096,30.0
3,0.0,10,20,169.35020351427096,199.35020351427096,30.0
0,-50.0,10,20,169.8709463399556,149.8709463399556,20.0
6,-50.0,10,20,169.35020351427096,149.35020351427096,30.0
2,-12.5,10,20,168.97807015308885,186.47807015308885,27.5
0,-50.0,10,20,171.0847956030897,151.0847956030897,17.5
2,-12.5,10,20,172.879989355334,190.379989355334,15.0
1,-25.0,10,20,178.51016846000164,183.51016846000164,10.0
0,-50.0,10,20,200.0,180.0,0.0
0,-50.0,10,20,200.0,180.0,0.0
0,-50.0,10,20,200.0,180.0,0.0
3,0.0,10,20,200.0,230.0,0.0
5,-25.0,10,20,187.35299991965724,192.35299991965724,5.0
4,-12.5,10,20,182.4930328788498,199.9930328788498,7.5
1,-25.0,10,20,193.16400911563667,198.16400911563667,2.5
4,-12.5,10,20,187.35299991965724,204.85299991965724,5.0
5,-25.0,10,20,178.51016846000164,183.51016846000164,10.0
1,-25.0,10,20,187.35299991965724,192.35299991965724,5.0
4,-12.5,10,20,182.4930328788498,199.9930328788498,7.5
4,-12.5,10,20,178.51016846000164,196.01016846000164,10.0
5,-25.0,10,20,172.879989355334,177.879989355334,15.0
2,-12.5,10,20,175.33046712990034,192.83046712990034,12.5
1,-25.0,10,20,182.4930328788498,187.4930328788498,7.5
2,-12.5,10,20,187.35299991965724,204.85299991965724,5.0
0,-50.0,10,20,200.0,180.0,0.0
2,-12.5,10,20,200.0,217.5,0.0
6,-50.0,10,20,178.51016846000164,158.51016846000164,10.0
2,-12.5,10,20,182.4930328788498,199.9930328788498,7.5
2,-12.5,10,20,187.35299991965724,204.85299991965724,5.0
0,-50.0,10,20,200.0,180.0,0.0
1,-25.0,10,20,200.0,205.0,0.0
2,-12.5,10,20,200.0,217.5,0.0
0,-50.0,10,20,200.0,180.0,0.0
5,-25.0,10,20,187.35299991965724,192.35299991965724,5.0
0,-50.0,10,20,200.0,180.0,0.0
5,-25.0,10,20,187.35299991965724,192.35299991965724,5.0
2,-12.5,10,20,193.16400911563667,210.66400911563667,2.5
5,-25.0,10,20,182.4930328788498,187.4930328788498,7.5
3,0.0,10,20,182.4930328788498,212.4930328788498,7.5
0,-50.0,10,20,200.0,180.0,0.0
0,-50.0,10,20,200.0,180.0,0.0
1,-25.0,10,20,200.0,205.0,0.0
1,-25.0,10,20,200.0,205.0,0.0
2,-12.5,10,20,200.0,217.5,0.0
4,-12.5,10,20,193.16400911563667,210.66400911563667,2.5
1,-25.0,10,20,200.0,205.0,0.0
5,-25.0,10,20,187.35299991965724,192.35299991965724,5.0
5,-25.0,10,20,178.51016846000164,183.51016846000164,10.0
6,-50.0,10,20,169.8709463399556,149.8709463399556,20.0
2,-12.5,10,20,171.0847956030897,188.5847956030897,17.5
6,-50.0,10,20,168.97807015308885,148.97807015308885,27.5
1,-25.0,10,20,169.16450203271896,174.16450203271896,22.5
1,-25.0,10,20,171.0847956030897,176.0847956030897,17.5
5,-25.0,10,20,169.16450203271896,174.16450203271896,22.5
4,-12.5,10,20,168.89152314816752,186.39152314816752,25.0
1,-25.0,10,20,169.8709463399556,174.8709463399556,20.0
6,-50.0,10,20,169.35020351427096,149.35020351427096,30.0
5,-25.0,10,20,170.65547117256705,175.65547117256705,35.0
2,-12.5,10,20,169.93398369850107,187.43398369850107,32.5
0,-50.0,10,20,169.16450203271896,149.16450203271896,22.5
6,-50.0,10,20,169.93398369850107,149.93398369850107,32.5
4,-12.5,10,20,170.65547117256705,188.15547117256705,35.0
5,-25.0,10,20,172.21580985735687,177.21580985735687,40.0
3,0.0,10,20,172.21580985735687,202.21580985735687,40.0
6,-50.0,10,20,173.73563524362245,153.73563524362245,50.0
5,-25.0,10,20,172.5120894137005,177.5120894137005,55.0
1,-25.0,10,20,173.73563524362245,178.73563524362245,50.0
2,-12.5,10,20,173.74063422800123,191.24063422800123,47.5
2,-12.5,10,20,173.43970330294158,190.93970330294158,45.0
5,-25.0,10,20,173.73563524362245,178.73563524362245,50.0
5,-25.0,10,20,172.5120894137005,177.5120894137005,55.0
3,0.0,10,20,172.5120894137005,202.5120894137005,55.0
6,-50.0,10,20,163.14049937925245,143.14049937925245,65.0
5,-25.0,10,20,153.8094226433288,158.8094226433288,70.0
0,-50.0,10,20,169.17754954747676,149.17754954747676,60.0
5,-25.0,10,20,163.14049937925245,168.14049937925245,65.0
0,-50.0,10,20,172.5120894137005,152.5120894137005,55.0
6,-50.0,10,20,163.14049937925245,143.14049937925245,65.0
1,-25.0,10,20,169.17754954747676,174.17754954747676,60.0
3,0.0,10,20,169.17754954747676,199.17754954747676,60.0
5,-25.0,10,20,163.14049937925245,168.14049937925245,65.0
5,-25.0,10,20,153.8094226433288,158.8094226433288,70.0
4,-12.5,10,20,147.7237754794489,165.2237754794489,72.5
5,-25.0,10,20,132.34256589379066,137.34256589379066,77.5
4,-12.5,10,20,122.89912440558774,140.39912440558774,80.0
1,-25.0,10,20,140.59280307400698,145.59280307400698,75.0
5,-25.0,10,20,122.89912440558774,127.89912440558774,80.0
6,-50.0,10,20,71.71452470866282,51.71452470866282,90.0
3,0.0,10,20,71.71452470866282,101.71452470866282,90.0
1,-25.0,10,20,100.13687037237275,105.13687037237275,85.0
4,-12.5,10,20,86.67017876093578,104.17017876093578,87.5
3,0.0,10,20,86.67017876093578,116.67017876093578,87.5
2,-12.5,10,20,100.13687037237275,117.63687037237275,85.0
4,-12.5,10,20,86.67017876093578,104.17017876093578,87.5
0,-50.0,10,20,132.34256589379066,112.34256589379066,77.5
1,-25.0,10,20,147.7237754794489,152.7237754794489,72.5
3,0.0,10,20,147.7237754794489,177.7237754794489,72.5
2,-12.5,10,20,153.8094226433288,171.3094226433288,70.0
5,-25.0,10,20,140.59280307400698,145.59280307400698,75.0
4,-12.5,10,20,132.34256589379066,149.84256589379066,77.5
4,-12.5,10,20,122.89912440558774,140.39912440558774,80.0
2,-12.5,10,20,132.34256589379066,149.84256589379066,77.5
3,0.0,10,20,132.34256589379066,162.34256589379066,77.5
4,-12.5,10,20,122.89912440558774,140.39912440558774,80.0
4,-12.5,10,20,112.18853907618605,129.68853907618603,82.5
5,-25.0,10,20,86.67017876093578,91.67017876093578,87.5
1,-25.0,10,20,112.18853907618605,117.18853907618605,82.5
2,-12.5,10,20,122.89912440558774,140.39912440558774,80.0
2,-12.5,10,20,132.34256589379066,149.84256589379066,77.5
3,0.0,10,20,132.34256589379066,162.34256589379066,77.5
6,-50.0,10,20,86.67017876093578,66.67017876093578,87.5
3,0.0,10,20,86.67017876093578,116.67017876093578,87.5
4,-12.5,10,20,71.71452470866282,89.21452470866282,90.0
5,-25.0,10,20,37.040571148759014,42.040571148759014,95.0
1,-25.0,10,20,71.71452470866282,76.71452470866282,90.0
4,-12.5,10,20,55.19596868234138,72.69596868234137,92.5
3,0.0,10,20,55.19596868234138,85.19596868234137,92.5
4,-12.5,10,20,37.040571148759014,54.540571148759014,95.0
3,0.0,10,20,37.040571148759014,67.04057114875901,95.0
4,-12.5,10,20,17.17439257470378,34.67439257470378,97.5
2,-12.5,10,20,37.040571148759014,54.540571148759014,95.0
4,-12.5,10,20,17.17439257470378,34.67439257470378,97.5
2,-12.5,10,20,37.040571148759014,54.540571148759014,95.0
2,-12.5,10,20,55.19596868234138,72.69596868234137,92.5
6,-50.0,10,20,-4.47650657303715,-24.47650657303715,100.0
5,-25.0,10,20,-4.47650657303715,0.5234934269628511,100.0
5,-25.0,10,20,-4.47650657303715,0.5234934269628511,100.0
1,-25.0,10,20,37.040571148759014,42.040571148759014,95.0
