stringency_index,total_cases,total_deaths,total_vaccinations,population,people_fully_vaccinated,gdp_normalized
0.0,1.0,1.0,0.0,1417173120.0,7668.0,
0.0,1.0,1.0,0.0,1417173120.0,7668.0,
0.0,1.0,1.0,0.0,1417173120.0,7668.0,
0.0,1.0,1.0,0.0,1417173120.0,7668.0,
0.0,1.0,1.0,0.0,1417173120.0,7668.0,
0.0,1.0,1.0,0.0,1417173120.0,7668.0,
0.0,1.0,1.0,0.0,1417173120.0,7668.0,
0.0,1.0,1.0,0.0,1417173120.0,7668.0,
0.0,1.0,1.0,0.0,1417173120.0,7668.0,
0.0,1.0,1.0,0.0,1417173120.0,7668.0,
0.0,1.0,1.0,0.0,1417173120.0,7668.0,
0.0,1.0,1.0,0.0,1417173120.0,7668.0,
0.0,1.0,1.0,0.0,1417173120.0,7668.0,
0.0,1.0,1.0,0.0,1417173120.0,7668.0,
0.0,1.0,1.0,0.0,1417173120.0,7668.0,
0.0,1.0,1.0,0.0,1417173120.0,7668.0,
0.0,1.0,1.0,0.0,1417173120.0,7668.0,
0.0,1.0,1.0,0.0,1417173120.0,7668.0,
0.0,1.0,1.0,0.0,1417173120.0,7668.0,
0.0,1.0,1.0,0.0,1417173120.0,7668.0,
0.0,1.0,1.0,0.0,1417173120.0,7668.0,
0.0,1.0,1.0,0.0,1417173120.0,7668.0,
5.56,1.0,1.0,0.0,1417173120.0,7668.0,
10.19,1.0,1.0,0.0,1417173120.0,7668.0,
10.19,1.0,1.0,0.0,1417173120.0,7668.0,
10.19,1.0,1.0,0.0,1417173120.0,7668.0,
10.19,1.0,1.0,0.0,1417173120.0,7668.0,
10.19,1.0,1.0,0.0,1417173120.0,7668.0,
10.19,5.0,1.0,0.0,1417173120.0,7668.0,
10.19,5.0,1.0,0.0,1417173120.0,7668.0,100.329254213621
10.19,2.0,1.0,0.0,1417173120.0,7668.0,
10.19,3.0,1.0,0.0,1417173120.0,7668.0,
10.19,7.0,1.0,0.0,1417173120.0,7668.0,
10.19,7.0,1.0,0.0,1417173120.0,7668.0,
10.19,7.0,1.0,0.0,1417173120.0,7668.0,
10.19,7.0,1.0,0.0,1417173120.0,7668.0,
10.19,7.0,1.0,0.0,1417173120.0,7668.0,
10.19,7.0,1.0,0.0,1417173120.0,7668.0,
10.19,7.0,1.0,0.0,1417173120.0,7668.0,
10.19,7.0,1.0,0.0,1417173120.0,7668.0,
10.19,7.0,1.0,0.0,1417173120.0,7668.0,
10.19,7.0,1.0,0.0,1417173120.0,7668.0,
10.19,7.0,1.0,0.0,1417173120.0,7668.0,
10.19,7.0,1.0,0.0,1417173120.0,7668.0,
10.19,7.0,1.0,0.0,1417173120.0,7668.0,
10.19,7.0,1.0,0.0,1417173120.0,7668.0,
10.19,7.0,1.0,0.0,1417173120.0,7668.0,
10.19,7.0,1.0,0.0,1417173120.0,7668.0,
10.19,7.0,1.0,0.0,1417173120.0,7668.0,
10.19,7.0,1.0,0.0,1417173120.0,7668.0,
10.19,7.0,1.0,0.0,1417173120.0,7668.0,
10.19,7.0,1.0,0.0,1417173120.0,7668.0,
10.19,7.0,1.0,0.0,1417173120.0,7668.0,
10.19,7.0,1.0,0.0,1417173120.0,7668.0,
10.19,7.0,1.0,0.0,1417173120.0,7668.0,
10.19,7.0,1.0,0.0,1417173120.0,7668.0,
10.19,7.0,1.0,0.0,1417173120.0,7668.0,
10.19,7.0,1.0,0.0,1417173120.0,7668.0,
10.19,7.0,1.0,0.0,1417173120.0,7668.0,98.3999727020362
10.19,5.0,1.0,0.0,1417173120.0,7668.0,
10.19,9.0,1.0,0.0,1417173120.0,7668.0,
10.19,28.0,1.0,0.0,1417173120.0,7668.0,
26.85,29.0,1.0,0.0,1417173120.0,7668.0,
26.85,31.0,1.0,0.0,1417173120.0,7668.0,
26.85,34.0,1.0,0.0,1417173120.0,7668.0,
26.85,39.0,1.0,0.0,1417173120.0,7668.0,
26.85,44.0,1.0,0.0,1417173120.0,7668.0,
26.85,50.0,1.0,0.0,1417173120.0,7668.0,
26.85,60.0,1.0,0.0,1417173120.0,7668.0,
26.85,73.0,1.0,0.0,1417173120.0,7668.0,
41.67,81.0,1.0,0.0,1417173120.0,7668.0,
41.67,84.0,2.0,0.0,1417173120.0,7668.0,
44.44,107.0,2.0,0.0,1417173120.0,7668.0,
44.44,114.0,2.0,0.0,1417173120.0,7668.0,
44.44,137.0,3.0,0.0,1417173120.0,7668.0,
44.44,151.0,3.0,0.0,1417173120.0,7668.0,
44.44,173.0,4.0,0.0,1417173120.0,7668.0,
44.44,223.0,4.0,0.0,1417173120.0,7668.0,
44.44,283.0,4.0,0.0,1417173120.0,7668.0,
100.0,360.0,7.0,0.0,1417173120.0,7668.0,
86.57,434.0,9.0,0.0,1417173120.0,7668.0,
86.57,519.0,9.0,0.0,1417173120.0,7668.0,
100.0,606.0,10.0,0.0,1417173120.0,7668.0,
100.0,649.0,13.0,0.0,1417173120.0,7668.0,
100.0,724.0,17.0,0.0,1417173120.0,7668.0,
100.0,909.0,19.0,0.0,1417173120.0,7668.0,
100.0,979.0,25.0,0.0,1417173120.0,7668.0,
100.0,1071.0,29.0,0.0,1417173120.0,7668.0,
100.0,1251.0,32.0,0.0,1417173120.0,7668.0,
100.0,1637.0,38.0,0.0,1417173120.0,7668.0,88.6596602861136
100.0,1965.0,50.0,0.0,1417173120.0,7668.0,
100.0,2301.0,56.0,0.0,1417173120.0,7668.0,
100.0,2902.0,68.0,0.0,1417173120.0,7668.0,
100.0,3374.0,77.0,0.0,1417173120.0,7668.0,
100.0,4067.0,109.0,0.0,1417173120.0,7668.0,
100.0,4421.0,114.0,0.0,1417173120.0,7668.0,
100.0,5274.0,149.0,0.0,1417173120.0,7668.0,
100.0,5865.0,169.0,0.0,1417173120.0,7668.0,
100.0,6412.0,199.0,0.0,1417173120.0,7668.0,
100.0,7447.0,239.0,0.0,1417173120.0,7668.0,
100.0,8356.0,273.0,0.0,1417173120.0,7668.0,
100.0,9152.0,308.0,0.0,1417173120.0,7668.0,
100.0,10363.0,339.0,0.0,1417173120.0,7668.0,
100.0,11439.0,377.0,0.0,1417173120.0,7668.0,
100.0,12380.0,414.0,0.0,1417173120.0,7668.0,
100.0,13387.0,437.0,0.0,1417173120.0,7668.0,
100.0,14378.0,480.0,0.0,1417173120.0,7668.0,
100.0,15712.0,507.0,0.0,1417173120.0,7668.0,
96.3,17265.0,543.0,0.0,1417173120.0,7668.0,
96.3,18601.0,590.0,0.0,1417173120.0,7668.0,
96.3,19984.0,640.0,0.0,1417173120.0,7668.0,
96.3,21393.0,681.0,0.0,1417173120.0,7668.0,
96.3,23077.0,718.0,0.0,1417173120.0,7668.0,
96.3,24506.0,775.0,0.0,1417173120.0,7668.0,
96.3,26496.0,824.0,0.0,1417173120.0,7668.0,
96.3,27892.0,872.0,0.0,1417173120.0,7668.0,
96.3,29435.0,934.0,0.0,1417173120.0,7668.0,
96.3,31332.0,1007.0,0.0,1417173120.0,7668.0,
96.3,33050.0,1074.0,0.0,1417173120.0,7668.0,
96.3,35043.0,1147.0,0.0,1417173120.0,7668.0,83.9054327862878
96.3,37336.0,1218.0,0.0,1417173120.0,7668.0,
96.3,39980.0,1301.0,0.0,1417173120.0,7668.0,
81.94,42533.0,1373.0,0.0,1417173120.0,7668.0,
81.94,46433.0,1568.0,0.0,1417173120.0,7668.0,
81.94,49391.0,1694.0,0.0,1417173120.0,7668.0,
81.94,52952.0,1783.0,0.0,1417173120.0,7668.0,
81.94,56342.0,1886.0,0.0,1417173120.0,7668.0,
81.94,59662.0,1981.0,0.0,1417173120.0,7668.0,
81.94,62939.0,2109.0,0.0,1417173120.0,7668.0,
81.94,67152.0,2206.0,0.0,1417173120.0,7668.0,
81.94,70756.0,2293.0,0.0,1417173120.0,7668.0,
81.94,74281.0,2415.0,0.0,1417173120.0,7668.0,
81.94,78003.0,2549.0,0.0,1417173120.0,7668.0,
81.94,81970.0,2649.0,0.0,1417173120.0,7668.0,
81.94,85940.0,2752.0,0.0,1417173120.0,7668.0,
81.94,90927.0,2872.0,0.0,1417173120.0,7668.0,
81.94,96169.0,3029.0,0.0,1417173120.0,7668.0,
81.94,101139.0,3163.0,0.0,1417173120.0,7668.0,
81.94,106750.0,3303.0,0.0,1417173120.0,7668.0,
81.94,112359.0,3435.0,0.0,1417173120.0,7668.0,
81.94,118447.0,3583.0,0.0,1417173120.0,7668.0,
81.94,125101.0,3720.0,0.0,1417173120.0,7668.0,
81.94,131868.0,3867.0,0.0,1417173120.0,7668.0,
81.94,138845.0,4021.0,0.0,1417173120.0,7668.0,
81.94,145380.0,4167.0,0.0,1417173120.0,7668.0,
81.94,151767.0,4337.0,0.0,1417173120.0,7668.0,
81.94,158333.0,4531.0,0.0,1417173120.0,7668.0,
81.94,165799.0,4706.0,0.0,1417173120.0,7668.0,
81.94,173763.0,4971.0,0.0,1417173120.0,7668.0,
81.94,182143.0,5164.0,0.0,1417173120.0,7668.0,
87.5,190535.0,5394.0,0.0,1417173120.0,7668.0,88.1175330511812
87.5,198706.0,5598.0,0.0,1417173120.0,7668.0,
87.5,207615.0,5815.0,0.0,1417173120.0,7668.0,
87.5,216919.0,6075.0,0.0,1417173120.0,7668.0,
87.5,226770.0,6348.0,0.0,1417173120.0,7668.0,
87.5,236657.0,6642.0,0.0,1417173120.0,7668.0,
87.5,246628.0,6929.0,0.0,1417173120.0,7668.0,
87.5,256611.0,7200.0,0.0,1417173120.0,7668.0,
87.5,266598.0,7471.0,0.0,1417173120.0,7668.0,
87.5,276583.0,7745.0,0.0,1417173120.0,7668.0,
87.5,286579.0,8102.0,0.0,1417173120.0,7668.0,
87.5,297535.0,8498.0,0.0,1417173120.0,7668.0,
87.5,308993.0,8884.0,0.0,1417173120.0,7668.0,
87.5,320922.0,9195.0,0.0,1417173120.0,7668.0,
87.5,332424.0,9520.0,0.0,1417173120.0,7668.0,
87.5,343091.0,9900.0,0.0,1417173120.0,7668.0,
87.5,354065.0,11903.0,0.0,1417173120.0,7668.0,
87.5,366946.0,12237.0,0.0,1417173120.0,7668.0,
87.5,380532.0,12573.0,0.0,1417173120.0,7668.0,
87.5,395048.0,12948.0,0.0,1417173120.0,7668.0,
87.5,410461.0,13254.0,0.0,1417173120.0,7668.0,
87.5,425282.0,13699.0,0.0,1417173120.0,7668.0,
87.5,440215.0,14011.0,0.0,1417173120.0,7668.0,
87.5,456183.0,14476.0,0.0,1417173120.0,7668.0,
87.5,473105.0,14894.0,0.0,1417173120.0,7668.0,
87.5,490401.0,15301.0,0.0,1417173120.0,7668.0,
87.5,508953.0,15685.0,0.0,1417173120.0,7668.0,
87.5,528859.0,16095.0,0.0,1417173120.0,7668.0,
87.5,548318.0,16475.0,0.0,1417173120.0,7668.0,
87.5,566840.0,16893.0,0.0,1417173120.0,7668.0,
87.5,585493.0,17400.0,0.0,1417173120.0,7668.0,92.334645383706
87.5,604641.0,17834.0,0.0,1417173120.0,7668.0,
87.5,625544.0,18213.0,0.0,1417173120.0,7668.0,
87.5,648315.0,18655.0,0.0,1417173120.0,7668.0,
87.5,673165.0,19268.0,0.0,1417173120.0,7668.0,
87.5,697413.0,19693.0,0.0,1417173120.0,7668.0,
87.5,719665.0,20160.0,0.0,1417173120.0,7668.0,
87.5,742417.0,20642.0,0.0,1417173120.0,7668.0,
87.5,767296.0,21129.0,0.0,1417173120.0,7668.0,
87.5,793802.0,21604.0,0.0,1417173120.0,7668.0,
87.5,820916.0,22123.0,0.0,1417173120.0,7668.0,
87.5,849553.0,22674.0,0.0,1417173120.0,7668.0,
87.5,878254.0,23174.0,0.0,1417173120.0,7668.0,
87.5,906752.0,23727.0,0.0,1417173120.0,7668.0,
87.5,936181.0,24309.0,0.0,1417173120.0,7668.0,
87.5,968876.0,24915.0,0.0,1417173120.0,7668.0,
87.5,1003832.0,25602.0,0.0,1417173120.0,7668.0,
87.5,1038716.0,26273.0,0.0,1417173120.0,7668.0,
87.5,1077618.0,26816.0,0.0,1417173120.0,7668.0,
87.5,1118043.0,27497.0,0.0,1417173120.0,7668.0,
87.5,1155191.0,28084.0,0.0,1417173120.0,7668.0,
87.5,1192915.0,28732.0,0.0,1417173120.0,7668.0,
87.5,1238635.0,29861.0,0.0,1417173120.0,7668.0,
87.5,1287945.0,30601.0,0.0,1417173120.0,7668.0,
87.5,1336861.0,31358.0,0.0,1417173120.0,7668.0,
87.5,1385522.0,32063.0,0.0,1417173120.0,7668.0,
87.5,1435453.0,32771.0,0.0,1417173120.0,7668.0,
87.5,1483156.0,33425.0,0.0,1417173120.0,7668.0,
87.5,1531669.0,34193.0,0.0,1417173120.0,7668.0,
87.5,1583792.0,34968.0,0.0,1417173120.0,7668.0,
87.5,1638870.0,35747.0,0.0,1417173120.0,7668.0,
85.65,1695988.0,36511.0,0.0,1417173120.0,7668.0,96.4813861831316
85.65,1750723.0,37364.0,0.0,1417173120.0,7668.0,
85.65,1803695.0,38135.0,0.0,1417173120.0,7668.0,
85.65,1855745.0,38938.0,0.0,1417173120.0,7668.0,
85.65,1908254.0,39795.0,0.0,1417173120.0,7668.0,
85.65,1964536.0,40699.0,0.0,1417173120.0,7668.0,
85.65,2027074.0,41585.0,0.0,1417173120.0,7668.0,
85.65,2088611.0,42518.0,0.0,1417173120.0,7668.0,
85.65,2153010.0,43379.0,0.0,1417173120.0,7668.0,
85.65,2215074.0,44386.0,0.0,1417173120.0,7668.0,
85.65,2268675.0,45257.0,0.0,1417173120.0,7668.0,
85.65,2329638.0,46091.0,0.0,1417173120.0,7668.0,
85.65,2396637.0,47033.0,0.0,1417173120.0,7668.0,
85.65,2461190.0,48040.0,0.0,1417173120.0,7668.0,
85.65,2526192.0,49036.0,0.0,1417173120.0,7668.0,
85.65,2589682.0,49980.0,0.0,1417173120.0,7668.0,
85.65,2647663.0,50921.0,0.0,1417173120.0,7668.0,
85.65,2702742.0,51797.0,0.0,1417173120.0,7668.0,
85.65,2767273.0,52889.0,0.0,1417173120.0,7668.0,
85.65,2836925.0,53866.0,0.0,1417173120.0,7668.0,
85.65,2905823.0,54849.0,0.0,1417173120.0,7668.0,
85.65,2975701.0,55794.0,0.0,1417173120.0,7668.0,
85.65,3044940.0,56706.0,0.0,1417173120.0,7668.0,
85.65,3106348.0,57542.0,0.0,1417173120.0,7668.0,
85.65,3167323.0,58390.0,0.0,1417173120.0,7668.0,
85.65,3234474.0,59449.0,0.0,1417173120.0,7668.0,
85.65,3310234.0,60472.0,0.0,1417173120.0,7668.0,
85.65,3387500.0,61529.0,0.0,1417173120.0,7668.0,
85.65,3463972.0,62550.0,0.0,1417173120.0,7668.0,
85.65,3542733.0,63498.0,0.0,1417173120.0,7668.0,
85.65,3621245.0,64469.0,0.0,1417173120.0,7668.0,
81.94,3691166.0,65288.0,0.0,1417173120.0,7668.0,97.7509094596739
81.94,3769523.0,66333.0,0.0,1417173120.0,7668.0,
81.94,3853406.0,67376.0,0.0,1417173120.0,7668.0,
81.94,3936747.0,68472.0,0.0,1417173120.0,7668.0,
81.94,4023179.0,69561.0,0.0,1417173120.0,7668.0,
81.94,4113811.0,70626.0,0.0,1417173120.0,7668.0,
76.39,4204613.0,71642.0,0.0,1417173120.0,7668.0,
76.39,4280422.0,72775.0,0.0,1417173120.0,7668.0,
76.39,4370128.0,73890.0,0.0,1417173120.0,7668.0,
76.39,4465863.0,75062.0,0.0,1417173120.0,7668.0,
76.39,4562414.0,76271.0,0.0,1417173120.0,7668.0,
76.39,4659984.0,77472.0,0.0,1417173120.0,7668.0,
76.39,4754356.0,78586.0,0.0,1417173120.0,7668.0,
76.39,4846427.0,79722.0,0.0,1417173120.0,7668.0,
76.39,4930236.0,80776.0,0.0,1417173120.0,7668.0,
76.39,5020359.0,82066.0,0.0,1417173120.0,7668.0,
76.39,5118253.0,83198.0,0.0,1417173120.0,7668.0,
76.39,5214677.0,84372.0,0.0,1417173120.0,7668.0,
76.39,5308014.0,85619.0,0.0,1417173120.0,7668.0,
76.39,5400619.0,86752.0,0.0,1417173120.0,7668.0,
70.83,5487580.0,87882.0,0.0,1417173120.0,7668.0,
70.83,5562663.0,88935.0,0.0,1417173120.0,7668.0,
70.83,5646010.0,90020.0,0.0,1417173120.0,7668.0,
70.83,5732518.0,91149.0,0.0,1417173120.0,7668.0,
70.83,5818570.0,92290.0,0.0,1417173120.0,7668.0,
70.83,5903932.0,93379.0,0.0,1417173120.0,7668.0,
70.83,5992532.0,94503.0,0.0,1417173120.0,7668.0,
70.83,6074702.0,95542.0,0.0,1417173120.0,7668.0,
70.83,6145291.0,96318.0,0.0,1417173120.0,7668.0,
70.83,6225763.0,97497.0,0.0,1417173120.0,7668.0,
70.83,6312584.0,98678.0,0.0,1417173120.0,7668.0,98.6948786604947
70.83,6394068.0,99773.0,0.0,1417173120.0,7668.0,
70.83,6473544.0,100842.0,0.0,1417173120.0,7668.0,
70.83,6549373.0,101782.0,0.0,1417173120.0,7668.0,
70.83,6623815.0,102685.0,0.0,1417173120.0,7668.0,
70.83,6685082.0,103569.0,0.0,1417173120.0,7668.0,
70.83,6757131.0,104555.0,0.0,1417173120.0,7668.0,
70.83,6835655.0,105526.0,0.0,1417173120.0,7668.0,
70.83,6906151.0,106490.0,0.0,1417173120.0,7668.0,
70.83,6979423.0,107416.0,0.0,1417173120.0,7668.0,
70.83,7053806.0,108334.0,0.0,1417173120.0,7668.0,
70.83,7120538.0,109150.0,0.0,1417173120.0,7668.0,
70.83,7175880.0,109856.0,0.0,1417173120.0,7668.0,
70.83,7239389.0,110586.0,0.0,1417173120.0,7668.0,
61.57,7307097.0,111266.0,0.0,1417173120.0,7668.0,
61.57,7370468.0,112161.0,0.0,1417173120.0,7668.0,
61.57,7432680.0,112998.0,0.0,1417173120.0,7668.0,
61.57,7494551.0,114031.0,0.0,1417173120.0,7668.0,
61.57,7550273.0,114610.0,0.0,1417173120.0,7668.0,
61.57,7597063.0,115197.0,0.0,1417173120.0,7668.0,
61.57,7651107.0,115914.0,0.0,1417173120.0,7668.0,
61.57,7706946.0,116616.0,0.0,1417173120.0,7668.0,
61.57,7761312.0,117306.0,0.0,1417173120.0,7668.0,
61.57,7814682.0,117956.0,0.0,1417173120.0,7668.0,
61.57,7864811.0,118534.0,0.0,1417173120.0,7668.0,
61.57,7909959.0,119014.0,0.0,1417173120.0,7668.0,
58.8,7946429.0,119502.0,0.0,1417173120.0,7668.0,
58.8,7990322.0,120010.0,0.0,1417173120.0,7668.0,
58.8,8040203.0,120527.0,0.0,1417173120.0,7668.0,
58.8,8088851.0,121090.0,0.0,1417173120.0,7668.0,
58.8,8137119.0,121641.0,0.0,1417173120.0,7668.0,
58.8,8184082.0,122111.0,0.0,1417173120.0,7668.0,98.6428787789251
58.8,8229313.0,122607.0,0.0,1417173120.0,7668.0,
58.8,8267623.0,123097.0,0.0,1417173120.0,7668.0,
58.8,8313876.0,123611.0,0.0,1417173120.0,7668.0,
58.8,8364086.0,124315.0,0.0,1417173120.0,7668.0,
58.8,8411724.0,124985.0,0.0,1417173120.0,7668.0,
58.8,8462080.0,125562.0,0.0,1417173120.0,7668.0,
58.8,8507754.0,126121.0,0.0,1417173120.0,7668.0,
58.8,8553657.0,126611.0,0.0,1417173120.0,7668.0,
58.8,8591730.0,127059.0,0.0,1417173120.0,7668.0,
58.8,8636011.0,127571.0,0.0,1417173120.0,7668.0,
58.8,8683916.0,128121.0,0.0,1417173120.0,7668.0,
58.8,8728795.0,128668.0,0.0,1417173120.0,7668.0,
58.8,8773479.0,129188.0,0.0,1417173120.0,7668.0,
58.8,8814579.0,129635.0,0.0,1417173120.0,7668.0,
58.8,8845127.0,130070.0,0.0,1417173120.0,7668.0,
58.8,8874290.0,130519.0,0.0,1417173120.0,7668.0,
58.8,8912907.0,130993.0,0.0,1417173120.0,7668.0,
58.8,8958483.0,131578.0,0.0,1417173120.0,7668.0,
58.8,9004365.0,132162.0,0.0,1417173120.0,7668.0,
66.2,9050597.0,132726.0,0.0,1417173120.0,7668.0,
66.2,9095806.0,133227.0,0.0,1417173120.0,7668.0,
66.2,9139865.0,133738.0,0.0,1417173120.0,7668.0,
66.2,9177840.0,134218.0,0.0,1417173120.0,7668.0,
66.2,9222216.0,134699.0,0.0,1417173120.0,7668.0,
66.2,9266705.0,135223.0,0.0,1417173120.0,7668.0,
66.2,9309787.0,135715.0,0.0,1417173120.0,7668.0,
66.2,9351109.0,136200.0,0.0,1417173120.0,7668.0,
66.2,9392919.0,136696.0,0.0,1417173120.0,7668.0,
66.2,9431691.0,137139.0,0.0,1417173120.0,7668.0,
66.2,9462809.0,137621.0,0.0,1417173120.0,7668.0,98.6211237858872
66.2,9499413.0,138122.0,0.0,1417173120.0,7668.0,
66.2,9534964.0,138648.0,0.0,1417173120.0,7668.0,
66.2,9571559.0,139188.0,0.0,1417173120.0,7668.0,
66.2,9608211.0,139700.0,0.0,1417173120.0,7668.0,
66.2,9644222.0,140182.0,0.0,1417173120.0,7668.0,
66.2,9677203.0,140573.0,0.0,1417173120.0,7668.0,
66.2,9703770.0,140958.0,0.0,1417173120.0,7668.0,
66.2,9735850.0,141360.0,0.0,1417173120.0,7668.0,
66.2,9767371.0,141772.0,0.0,1417173120.0,7668.0,
66.2,9796769.0,142186.0,0.0,1417173120.0,7668.0,
66.2,9826775.0,142628.0,0.0,1417173120.0,7668.0,
66.2,9857029.0,143019.0,0.0,1417173120.0,7668.0,
66.2,9884100.0,143355.0,0.0,1417173120.0,7668.0,
66.2,9906165.0,143709.0,0.0,1417173120.0,7668.0,
66.2,9932547.0,144096.0,0.0,1417173120.0,7668.0,
66.2,9956557.0,144451.0,0.0,1417173120.0,7668.0,
66.2,9979447.0,144789.0,0.0,1417173120.0,7668.0,
66.2,10004599.0,145136.0,0.0,1417173120.0,7668.0,
66.2,10031223.0,145477.0,0.0,1417173120.0,7668.0,
66.2,10055560.0,145810.0,0.0,1417173120.0,7668.0,
66.2,10075116.0,146111.0,0.0,1417173120.0,7668.0,
66.2,10099066.0,146444.0,0.0,1417173120.0,7668.0,
66.2,10123778.0,146756.0,0.0,1417173120.0,7668.0,
66.2,10146845.0,147092.0,0.0,1417173120.0,7668.0,
66.2,10169118.0,147343.0,0.0,1417173120.0,7668.0,
66.2,10187850.0,147622.0,0.0,1417173120.0,7668.0,
66.2,10207871.0,147901.0,0.0,1417173120.0,7668.0,
66.2,10224303.0,148153.0,0.0,1417173120.0,7668.0,
66.2,10244852.0,148439.0,0.0,1417173120.0,7668.0,
66.2,10266674.0,148738.0,0.0,1417173120.0,7668.0,
66.2,10286709.0,148994.0,0.0,1417173120.0,7668.0,98.6201164682551
66.2,10305788.0,149218.0,0.0,1417173120.0,7668.0,
66.2,10323965.0,149435.0,0.0,1417173120.0,7668.0,
66.2,10340469.0,149649.0,0.0,1417173120.0,7668.0,
66.2,10356844.0,149850.0,0.0,1417173120.0,7668.0,
66.2,10374932.0,150114.0,0.0,1417173120.0,7668.0,
66.2,10395278.0,150336.0,0.0,1417173120.0,7668.0,
66.2,10413417.0,150570.0,0.0,1417173120.0,7668.0,
66.2,10431639.0,150798.0,0.0,1417173120.0,7668.0,
66.2,10450284.0,150999.0,0.0,1417173120.0,7668.0,
66.2,10466595.0,151160.0,0.0,1417173120.0,7668.0,
66.2,10479179.0,151327.0,0.0,1417173120.0,7668.0,
66.2,10495147.0,151529.0,0.0,1417173120.0,7668.0,
66.2,10512093.0,151727.0,0.0,1417173120.0,7668.0,
66.2,10527683.0,151918.0,0.0,1417173120.0,7668.0,
66.2,10542841.0,152093.0,191181.0,1417173120.0,7668.0,
66.2,10557985.0,152274.0,224301.0,1417173120.0,7668.0,
66.2,10571773.0,152419.0,454049.0,1417173120.0,7668.0,
66.2,10581837.0,152556.0,674835.0,1417173120.0,7668.0,
66.2,10595660.0,152718.0,806484.0,1417173120.0,7668.0,
66.2,10610883.0,152869.0,1043534.0,1417173120.0,7668.0,
66.2,10625428.0,153032.0,1390592.0,1417173120.0,7668.0,
66.2,10639684.0,153184.0,1582201.0,1417173120.0,7668.0,
66.2,10654533.0,153339.0,1615504.0,1417173120.0,7668.0,
66.2,10667736.0,153470.0,2023809.0,1417173120.0,7668.0,
67.13,10676838.0,153587.0,2029480.0,1417173120.0,7668.0,
61.57,10689527.0,153724.0,2355979.0,1417173120.0,7668.0,
61.57,10701193.0,153847.0,2928053.0,1417173120.0,7668.0,
61.57,10720048.0,154010.0,3500027.0,1417173120.0,7668.0,
61.57,10733131.0,154147.0,3744334.0,1417173120.0,7668.0,
61.57,10746183.0,154274.0,3758843.0,1417173120.0,7668.0,
61.57,10757610.0,154392.0,3950156.0,1417173120.0,7668.0,98.7931674137942
61.57,10766245.0,154486.0,4138918.0,1417173120.0,7668.0,
61.57,10777284.0,154596.0,4449552.0,1417173120.0,7668.0,
61.57,10790183.0,154703.0,4959445.0,1417173120.0,7668.0,
61.57,10802591.0,154823.0,5416849.0,1417173120.0,7668.0,
61.57,10814304.0,154918.0,5775322.0,1417173120.0,7668.0,
61.57,10826363.0,154996.0,5812362.0,1417173120.0,7668.0,
61.57,10838194.0,155080.0,6259008.0,1417173120.0,7668.0,
61.57,10847304.0,155158.0,6611561.0,1417173120.0,7668.0,
61.57,10858371.0,155252.0,7017114.0,1417173120.0,7668.0,
61.57,10871294.0,155360.0,7505010.0,1417173120.0,7668.0,
61.57,10880603.0,155447.0,7967647.0,1417173120.0,7668.0,
61.57,10892746.0,155550.0,8052454.0,1417173120.0,7668.0,
61.57,10904940.0,155642.0,8284612.5,1417173120.0,52893.0,
61.57,10916589.0,155732.0,8516771.0,1417173120.0,98118.0,
61.57,10925710.0,155813.0,8857341.0,1417173120.0,216339.0,
61.57,10937320.0,155913.0,9186757.0,1417173120.0,342116.0,
61.57,10950201.0,156014.0,9846523.0,1417173120.0,464932.0,
61.57,10963394.0,156111.0,10449942.0,1417173120.0,756942.0,
61.57,10977387.0,156212.0,10838323.0,1417173120.0,873940.0,
61.57,10991651.0,156302.0,11085173.0,1417173120.0,960642.0,
61.57,11005850.0,156385.0,11424094.0,1417173120.0,1115542.0,
61.57,11016434.0,156463.0,11907392.0,1417173120.0,1321635.0,
63.43,11030176.0,156567.0,12366633.0,1417173120.0,1481754.0,
63.43,11046914.0,156705.0,13067047.0,1417173120.0,1860859.0,
63.43,11063491.0,156825.0,13756940.0,1417173120.0,2204083.0,
63.43,11079979.0,156938.0,14242547.0,1417173120.0,2453878.0,
63.43,11096731.0,157051.0,14301266.0,1417173120.0,2456191.0,
63.43,11112241.0,157157.0,14854136.0,1417173120.0,2597799.0,96.9676273225286
63.43,11124527.0,157248.0,15620749.0,1417173120.0,2713978.0,
63.43,11139516.0,157346.0,16616048.0,1417173120.0,2876927.0,
63.43,11156923.0,157435.0,18005503.0,1417173120.0,3208668.0,
63.43,11173761.0,157548.0,19497704.0,1417173120.0,3501021.0,
63.43,11192088.0,157656.0,20922344.0,1417173120.0,3754041.0,
63.43,11210799.0,157756.0,20989010.0,1417173120.0,3761107.0,
63.43,11229398.0,157853.0,23008733.0,1417173120.0,4065450.0,
57.87,11244786.0,157930.0,24367906.0,1417173120.0,4363679.0,
57.87,11262707.0,158063.0,25685011.0,1417173120.0,4650530.0,
57.87,11285561.0,158189.0,26164920.0,1417173120.0,4729079.0,
57.87,11308846.0,158306.0,28218457.0,1417173120.0,5142953.0,
57.87,11333728.0,158446.0,29738409.0,1417173120.0,5430774.0,
57.87,11359048.0,158607.0,29908038.0,1417173120.0,5455653.0,
57.87,11385339.0,158725.0,32947432.0,1417173120.0,5867948.0,
57.87,11409831.0,158856.0,35064536.0,1417173120.0,6202499.0,
57.87,11438734.0,159044.0,37143255.0,1417173120.0,6542468.0,
57.87,11474605.0,159216.0,39339817.0,1417173120.0,6913587.0,
57.87,11514331.0,159370.0,42063392.0,1417173120.0,7221362.0,
57.87,11555284.0,159558.0,44603841.0,1417173120.0,7478654.0,
57.87,11599130.0,159755.0,45065998.0,1417173120.0,7491696.0,
57.87,11646081.0,159967.0,48494594.0,1417173120.0,7863441.0,
57.87,11686796.0,160166.0,50841286.0,1417173120.0,8109334.0,
57.87,11734058.0,160441.0,53145709.0,1417173120.0,8299171.0,
57.87,11787534.0,160692.0,55504440.0,1417173120.0,8502968.0,
57.87,11846652.0,160949.0,58109773.0,1417173120.0,8683155.0,
57.87,11908910.0,161240.0,60269782.0,1417173120.0,8828346.0,
57.87,11971624.0,161552.0,60530435.0,1417173120.0,8870201.0,
57.87,12039644.0,161843.0,61113354.0,1417173120.0,8901956.0,
57.87,12095855.0,162114.0,63054353.0,1417173120.0,9065318.0,
57.87,12149335.0,162468.0,65117896.0,1417173120.0,9334695.0,
57.87,12221665.0,162927.0,68789138.0,1417173120.0,9640340.0,95.1470587442644
57.87,12303131.0,163396.0,73054295.0,1417173120.0,9972706.0,
74.54,12392260.0,164110.0,75979651.0,1417173120.0,10240181.0,
74.54,12485509.0,164623.0,79105163.0,1417173120.0,10426325.0,
69.91,12589067.0,165101.0,83110926.0,1417173120.0,10833617.0,
69.91,12686049.0,165547.0,87077474.0,1417173120.0,11140459.0,
69.91,12801785.0,166177.0,90198673.0,1417173120.0,11435646.0,
69.91,12928574.0,166862.0,94334262.0,1417173120.0,11877740.0,
69.91,13060542.0,167642.0,98075160.0,1417173120.0,12311308.0,
69.91,13205926.0,168436.0,101595147.0,1417173120.0,12709186.0,
69.91,13358805.0,169275.0,104528565.0,1417173120.0,12941165.0,
69.91,13527717.0,170179.0,108533085.0,1417173120.0,13490046.0,
69.91,13689453.0,171058.0,111179578.0,1417173120.0,13877664.0,
69.91,13873825.0,172085.0,114493238.0,1417173120.0,14314039.0,
69.91,14074564.0,173123.0,117223509.0,1417173120.0,14874254.0,
69.91,14291917.0,174308.0,119937641.0,1417173120.0,15529157.0,
69.91,14526609.0,175649.0,122622590.0,1417173120.0,16191514.0,
69.91,14788109.0,177150.0,123852566.0,1417173120.0,16480796.0,
73.61,15061919.0,178769.0,127129113.0,1417173120.0,17469932.0,
73.61,15321089.0,180530.0,128387609.0,1417173120.0,17721338.0,
73.61,15616130.0,182553.0,129646105.0,1417173120.0,17972744.0,
73.61,15930965.0,184657.0,132754608.0,1417173120.0,19170339.0,
73.61,16263695.0,186920.0,134898129.66666666,1417173120.0,19910281.0,
73.61,16610481.0,189544.0,137041651.33333334,1417173120.0,20650223.0,
73.61,16960172.0,192311.0,139185173.0,1417173120.0,21390165.0,
73.61,17313163.0,195123.0,142524947.0,1417173120.0,22638695.0,
73.61,17636307.0,197894.0,144879233.0,1417173120.0,23615946.0,
73.61,17997267.0,201187.0,147053392.0,1417173120.0,24515213.0,
73.61,18376524.0,204832.0,149268772.0,1417173120.0,25456864.0,
73.61,18762976.0,208330.0,151998107.0,1417173120.0,26621155.0,
73.61,19164969.0,211853.0,153626325.0,1417173120.0,27297355.0,93.3105604119282
73.61,19557457.0,215542.0,154211511.0,1417173120.0,27507360.0,
73.61,19925604.0,218959.0,156082136.0,1417173120.0,28385461.0,
73.61,20282833.0,222408.0,157750752.0,1417173120.0,29122833.0,
73.61,20665148.0,226188.0,159931238.0,1417173120.0,30200597.0,
73.61,21077410.0,230168.0,162603603.0,1417173120.0,31544713.0,
73.61,21491598.0,234083.0,165190000.0,1417173120.0,32895173.0,
73.61,21892676.0,238270.0,167493857.0,1417173120.0,34127375.0,
73.61,22296414.0,242362.0,168304868.0,1417173120.0,34450192.0,
81.94,22662575.0,246116.0,171098918.0,1417173120.0,35906905.0,
81.94,22992517.0,249992.0,173862643.0,1417173120.0,37305298.0,
81.94,23340938.0,254197.0,176045577.0,1417173120.0,38240332.0,
81.94,23703665.0,258317.0,178361846.0,1417173120.0,39274256.0,
81.94,24046809.0,262317.0,179646413.0,1417173120.0,39784951.0,
81.94,24372907.0,266207.0,181544536.0,1417173120.0,40412424.0,
81.94,24684077.0,270284.0,182251006.0,1417173120.0,40486671.0,
81.94,24965463.0,274390.0,183817204.0,1417173120.0,40726986.0,
81.94,25228996.0,278719.0,185191602.0,1417173120.0,40921402.0,
81.94,25496330.0,283248.0,186410600.0,1417173120.0,41076994.0,
81.94,25772440.0,287122.0,187886885.0,1417173120.0,41262233.0,
81.94,26031991.0,291331.0,189364691.0,1417173120.0,41442557.0,
81.94,26289290.0,295525.0,190842497.0,1417173120.0,41622881.0,
81.94,26530132.0,299266.0,191719240.0,1417173120.0,41686052.0,
81.94,26752447.0,303720.0,194165711.0,1417173120.0,41864206.0,
81.94,26948874.0,307231.0,195506779.0,1417173120.0,41995400.0,
81.94,27157795.0,311388.0,198425615.0,1417173120.0,42235974.0,
81.94,27369093.0,315235.0,201203166.0,1417173120.0,42419560.0,
81.94,27555457.0,318895.0,203166802.0,1417173120.0,42561240.0,
81.94,27729247.0,322512.0,207088953.0,1417173120.0,42930249.0,
81.94,27894800.0,325972.0,208665123.0,1417173120.0,43067110.0,
81.94,28047534.0,329100.0,210449895.0,1417173120.0,43258810.0,
81.94,28175044.0,331895.0,213135738.0,1417173120.0,43550558.0,95.2307350099326
81.94,28307832.0,335102.0,215678166.0,1417173120.0,43811342.0,
81.94,28441986.0,337989.0,218344384.0,1417173120.0,44047467.0,
81.94,28574350.0,340702.0,223607768.0,1417173120.0,44434820.0,
81.94,28694879.0,344082.0,225571144.0,1417173120.0,44599042.0,
81.94,28809339.0,346759.0,228041045.0,1417173120.0,44765341.0,
81.94,28909975.0,349186.0,230490652.0,1417173120.0,44989073.0,
81.94,28996473.0,351309.0,233680929.0,1417173120.0,45317035.0,
81.94,29089069.0,353528.0,236856505.0,1417173120.0,45634125.0,
81.94,29183121.0,359676.0,240281903.0,1417173120.0,45955907.0,
81.94,29274823.0,363079.0,243703242.0,1417173120.0,46287589.0,
81.94,29359155.0,367081.0,246188067.0,1417173120.0,46532774.0,
81.94,29439989.0,370384.0,249430416.0,1417173120.0,46857581.0,
81.94,29510410.0,374305.0,252760364.0,1417173120.0,47189318.0,
81.94,29570881.0,377031.0,255305366.0,1417173120.0,47474395.0,
81.94,29633105.0,379573.0,258325900.0,1417173120.0,47882950.0,
81.94,29700313.0,381903.0,262970250.0,1417173120.0,48417061.0,
81.94,29762793.0,383490.0,266355940.0,1417173120.0,48812947.0,
81.94,29823546.0,385137.0,270908312.0,1417173120.0,49415053.0,
81.94,29881965.0,386713.0,274286599.0,1417173120.0,49745316.0,
81.94,29935221.0,388135.0,283313942.0,1417173120.0,50569129.0,
81.94,29977861.0,389302.0,289855456.0,1417173120.0,51269269.0,
81.94,30028709.0,390660.0,293370338.0,1417173120.0,51649818.0,
81.94,30082778.0,391981.0,300054027.0,1417173120.0,52401833.0,
81.94,30134445.0,393310.0,306661528.0,1417173120.0,53301621.0,
81.94,30183143.0,394493.0,314841384.0,1417173120.0,54588202.0,
81.94,30233183.0,395751.0,318030412.0,1417173120.0,55114099.0,
81.94,30279331.0,396730.0,321423578.0,1417173120.0,55877810.0,
81.94,30316897.0,397637.0,327423913.0,1417173120.0,57245912.0,
81.94,30362848.0,398454.0,329158139.0,1417173120.0,57748116.0,
81.94,30411634.0,399459.0,334741649.0,1417173120.0,59048568.0,97.0787447376768
81.94,30458251.0,400312.0,335671794.0,1417173120.0,59332783.0,
81.94,30502362.0,401050.0,344300590.0,1417173120.0,62069225.0,
81.94,30545433.0,402005.0,347378550.0,1417173120.0,62923284.0,
81.94,30585229.0,402728.0,351229497.0,1417173120.0,64477739.0,
81.94,30619932.0,403281.0,354307646.0,1417173120.0,65525089.0,
81.94,30663665.0,404211.0,358070763.0,1417173120.0,66886006.0,
81.94,30709557.0,405028.0,368991222.0,1417173120.0,70312309.0,
81.94,30752950.0,405939.0,372511904.0,1417173120.0,71586698.5,
81.94,30795716.0,407145.0,376032586.0,1417173120.0,72861088.0,
81.94,30837222.0,408040.0,377352501.0,1417173120.0,73333649.0,
81.94,30874376.0,408764.0,381467646.0,1417173120.0,74854865.0,
81.94,30907282.0,410784.0,387697935.0,1417173120.0,76310396.0,
81.94,30946074.0,411408.0,391340491.0,1417173120.0,77810989.0,
81.94,30987880.0,411989.0,395343767.0,1417173120.0,79227578.0,
81.94,31026829.0,412531.0,399695879.0,1417173120.0,81030653.0,
81.94,31064908.0,413091.0,404931715.0,1417173120.0,83037953.0,
81.94,31106065.0,413609.0,408389058.0,1417173120.0,84245785.5,
81.94,31144229.0,414108.0,411846401.0,1417173120.0,85453618.0,
81.94,31174322.0,414482.0,415472455.0,1417173120.0,86756243.0,
78.24,31216337.0,418480.0,417851151.0,1417173120.0,87591939.0,
78.24,31257720.0,418987.0,423417030.0,1417173120.0,89471879.0,
78.24,31293062.0,419470.0,427882261.0,1417173120.0,91062445.0,
78.24,31332159.0,420016.0,433150864.0,1417173120.0,92763169.0,
78.24,31371901.0,420551.0,435196001.0,1417173120.0,93393294.0,
74.54,31411262.0,420967.0,441912395.0,1417173120.0,95396246.0,
74.54,31440951.0,421382.0,446156659.0,1417173120.0,96832598.0,
74.54,31484605.0,422022.0,450706257.0,1417173120.0,98160986.0,
74.54,31528114.0,422662.0,456033754.0,1417173120.0,99893015.0,
74.54,31572344.0,423217.0,461518479.0,1417173120.0,101698166.0,
74.54,31613993.0,423810.0,466871059.0,1417173120.0,102963609.5,
74.54,31655824.0,424351.0,472223639.0,1417173120.0,104229053.0,98.819980858777
74.54,31695958.0,424773.0,478755104.5,1417173120.0,105712513.0,
74.54,31726507.0,425195.0,485286570.0,1417173120.0,107195973.0,
74.54,31769132.0,425757.0,489342295.0,1417173120.0,108216020.0,
74.54,31812114.0,426290.0,495327595.0,1417173120.0,109696545.0,
74.54,31856757.0,426754.0,501009609.0,1417173120.0,110968049.0,
74.54,31895385.0,427371.0,506810492.0,1417173120.0,112432341.0,
74.54,31934455.0,427862.0,508664759.0,1417173120.0,112997166.0,
74.54,31969954.0,428309.0,514500268.0,1417173120.0,114342211.0,
74.54,31998158.0,428682.0,519080524.0,1417173120.0,115484436.0,
74.54,32036511.0,429179.0,523671019.0,1417173120.0,116690690.0,
74.54,32077706.0,429669.0,529930461.0,1417173120.0,118017239.0,
74.54,32117826.0,430254.0,536189903.0,1417173120.0,119343788.0,
74.54,32156493.0,430732.0,543846290.0,1417173120.0,121270889.0,
69.64,32192576.0,431225.0,547183164.0,1417173120.0,121554577.5,
69.64,32225513.0,431642.0,550520038.0,1417173120.0,121838266.0,
69.62,32250679.0,432079.0,556520316.0,1417173120.0,123065342.0,
69.61,32285857.0,432519.0,562151515.0,1417173120.0,124452924.0,
69.6,32322258.0,433049.0,566595708.0,1417173120.0,125479664.0,
69.58,32358829.0,433589.0,573205464.0,1417173120.0,127103265.0,
69.57,32393286.0,433964.0,576365820.0,1417173120.0,128072936.0,
69.56,32424234.0,434367.0,580771824.0,1417173120.0,129584967.0,
69.55,32449306.0,434756.0,582239230.0,1417173120.0,130031652.0,
69.54,32474773.0,435110.0,588731504.0,1417173120.0,131850881.0,
69.51,32512366.0,435758.0,597923238.0,1417173120.0,134581894.0,
69.5,32558530.0,436365.0,604391211.0,1417173120.0,136260584.0,
69.46,32603188.0,436861.0,615540527.0,1417173120.0,139481456.0,
69.44,32649947.0,437370.0,625864766.0,1417173120.0,142352109.0,
69.41,32695030.0,437830.0,632587851.0,1417173120.0,144434244.0,
69.4,32737939.0,438210.0,639305611.0,1417173120.0,146228416.0,
69.38,32768880.0,438560.0,644799225.0,1417173120.0,147797142.0,
69.34,32810845.0,439020.0,661576916.0,1417173120.0,151908785.0,98.8623731378794
69.32,32857937.0,439529.0,669775627.0,1417173120.0,154147659.0,
69.3,32903289.0,439895.0,675654935.0,1417173120.0,155987081.0,
69.29,32945907.0,440225.0,677744969.0,1417173120.0,156729100.0,
69.27,32988673.0,440533.0,684515513.0,1417173120.0,159196152.0,
69.26,33027621.0,440752.0,688453563.0,1417173120.0,160591270.0,
69.23,33058843.0,441042.0,699668404.0,1417173120.0,163664402.0,
63.64,33096718.0,441411.0,710550810.0,1417173120.0,167088377.0,
63.61,33139981.0,441749.0,720910239.0,1417173120.0,170215578.0,
63.6,33174954.0,442009.0,724114731.0,1417173120.0,171150008.0,
63.57,33208330.0,442317.0,733428972.0,1417173120.0,174444404.0,
63.55,33236921.0,442655.0,740278136.0,1417173120.0,176940864.0,
63.51,33264175.0,442874.0,750284569.0,1417173120.0,180237914.0,
63.5,33289579.0,443213.0,752714069.0,1417173120.0,181051759.0,
63.47,33316755.0,443497.0,761350715.0,1417173120.0,184494452.0,
63.43,33347325.0,443928.0,771341641.0,1417173120.0,188499533.0,
63.4,33381728.0,444248.0,777387850.0,1417173120.0,191282617.0,
63.33,33417390.0,444529.0,796015119.0,1417173120.0,198809823.0,
63.3,33448163.0,444838.0,804778696.0,1417173120.0,202571907.0,
63.26,33478419.0,445133.0,812232516.0,1417173120.0,205669279.0,
63.23,33504534.0,445385.0,821836262.0,1417173120.0,209475729.0,
63.21,33531498.0,445768.0,827297973.0,1417173120.0,211638045.0,
63.16,33563421.0,446050.0,837239837.0,1417173120.0,216030785.0,
63.12,33594803.0,446368.0,847653817.0,1417173120.0,220331219.0,
63.1,33624419.0,446658.0,852156699.0,1417173120.0,222582168.0,
63.08,33652745.0,446918.0,855791746.0,1417173120.0,224190090.0,
63.03,33678786.0,447194.0,868774116.0,1417173120.0,229470950.0,
63.01,33697581.0,447373.0,873244661.0,1417173120.0,231398730.0,
62.98,33716451.0,447751.0,879692465.0,1417173120.0,234399152.0,
62.95,33739980.0,448062.0,886425292.0,1417173120.0,237476249.0,
62.92,33766707.0,448339.0,893203984.0,1417173120.0,240459787.0,98.9051962305222
62.89,33791061.0,448573.0,901004270.0,1417173120.0,244047971.0,
62.86,33813903.0,448817.0,906155473.0,1417173120.0,246411092.0,
62.84,33834702.0,448997.0,911080329.0,1417173120.0,248813662.0,
62.81,33853048.0,449260.0,918129250.0,1417173120.0,252051019.0,
62.79,33871881.0,449538.0,923526951.0,1417173120.0,254551022.0,
62.77,33894312.0,449856.0,927173859.0,1417173120.0,256309333.0,
62.73,33915569.0,450127.0,935219767.0,1417173120.0,260058462.0,
62.7,33935309.0,450375.0,943033918.0,1417173120.0,263788737.0,
62.66,33953475.0,450589.0,951139832.0,1417173120.0,267641477.0,
62.64,33971607.0,450782.0,954908095.0,1417173120.0,269570606.0,
59.83,33985920.0,450963.0,961339629.0,1417173120.0,272652701.0,
59.81,34001743.0,451189.0,965904347.0,1417173120.0,274936033.0,
59.79,34020730.0,451435.0,968362051.0,1417173120.0,276227246.0,
59.78,34037592.0,451814.0,971163447.0,1417173120.0,277747310.0,
59.77,34053573.0,451980.0,972686142.0,1417173120.0,278694030.0,
59.75,34067719.0,452124.0,976344696.0,1417173120.0,280808336.0,
59.73,34081315.0,452290.0,978954738.0,1417173120.0,282315818.0,
59.69,34094373.0,452454.0,987113051.0,1417173120.0,286972753.0,
59.64,34108996.0,452651.0,997399032.0,1417173120.0,291552797.0,
59.62,34127450.0,452811.0,1003204289.0,1417173120.0,293652256.0,
59.58,34143236.0,453042.0,1009945663.0,1417173120.0,297541073.0,
59.56,34159562.0,453708.0,1013637431.0,1417173120.0,299553298.0,
59.52,34175468.0,454269.0,1022267850.0,1417173120.0,304591540.0,
53.95,34189774.0,454712.0,1024149949.0,1417173120.0,305705808.0,
53.91,34202202.0,455068.0,1030850079.0,1417173120.0,309700995.0,
53.87,34215653.0,455653.0,1036568410.0,1417173120.0,313143546.0,
53.84,34231809.0,456386.0,1042458533.0,1417173120.0,316825128.0,
53.78,34246157.0,457191.0,1051708635.0,1417173120.0,322508748.0,
53.74,34260470.0,457740.0,1058489433.0,1417173120.0,326677437.0,
53.72,34273300.0,458186.0,1062631351.0,1417173120.0,329088622.0,
53.69,34285814.0,458437.0,1067654329.0,1417173120.0,332073961.0,98.9469622180033
53.68,34296237.0,458880.0,1069718646.0,1417173120.0,333272071.0,
53.64,34308140.0,459191.0,1075059421.0,1417173120.0,336557471.0,
53.63,34321025.0,459652.0,1077107323.0,1417173120.0,337749522.0,
53.63,34333754.0,459873.0,1077793623.0,1417173120.0,338199584.0,
53.61,34344683.0,460265.0,1080177477.0,1417173120.0,339809082.0,
53.59,34355536.0,460791.0,1083142285.0,1417173120.0,341931630.0,
53.56,34366987.0,461057.0,1088236037.0,1417173120.0,345485882.0,
47.98,34377113.0,461389.0,1092148139.0,1417173120.0,348163758.0,
47.94,34388579.0,461849.0,1097806371.0,1417173120.0,352209127.0,
47.9,34401670.0,462189.0,1102775592.0,1417173120.0,355903367.0,
47.84,34414186.0,462690.0,1111423316.0,1417173120.0,362243853.0,
47.79,34426036.0,463245.0,1119180353.0,1417173120.0,367698745.0,
49.82,34437307.0,463530.0,1122889436.0,1417173120.0,370227215.0,
49.78,34447536.0,463655.0,1126981490.0,1417173120.0,373048684.0,
49.73,34456401.0,463852.0,1133688213.0,1417173120.0,377635526.0,
49.67,34466598.0,464153.0,1141006707.0,1417173120.0,382755102.0,
49.6,34478517.0,464623.0,1148786886.0,1417173120.0,388254602.0,
49.57,34489623.0,465082.0,1153595556.0,1417173120.0,391426273.0,
49.48,34499925.0,465349.0,1163685005.0,1417173120.0,398320160.0,
49.45,34510413.0,465662.0,1168057227.0,1417173120.0,401069205.0,
57.72,34518901.0,465911.0,1175843376.0,1417173120.0,406246823.0,
57.66,34526480.0,466147.0,1183947210.0,1417173120.0,411731500.0,
57.58,34535763.0,466584.0,1193769229.0,1417173120.0,418692797.0,
57.54,34544882.0,466980.0,1198528642.0,1417173120.0,422012731.0,
57.44,34555431.0,467468.0,1210758081.0,1417173120.0,430207076.0,
56.3,34563749.0,467933.0,1212493046.0,1417173120.0,431417303.0,
56.2,34572523.0,468554.0,1223194701.0,1417173120.0,438546779.0,
56.14,34580832.0,468790.0,1228492006.0,1417173120.0,442136609.0,
56.06,34587822.0,468980.0,1237055142.0,1417173120.0,448000946.0,
58.76,34596776.0,469247.0,1245517176.0,1417173120.0,453890633.0,98.9872440771859
58.65,34606541.0,469724.0,1255866411.0,1417173120.0,461338098.0,
58.59,34615757.0,470115.0,1261728028.0,1417173120.0,465444205.0,
58.47,34624360.0,470530.0,1273806245.0,1417173120.0,474060721.0,
58.42,34633255.0,473326.0,1278763558.0,1417173120.0,477346183.0,
58.37,34641561.0,473537.0,1283718063.0,1417173120.0,480824004.0,
58.29,34648383.0,473757.0,1291962219.0,1417173120.0,486557623.0,
58.21,34656822.0,473952.0,1299875078.0,1417173120.0,492119528.0,
58.12,34666241.0,474111.0,1308244539.0,1417173120.0,498102033.0,
58.08,34674744.0,474735.0,1312375088.0,1417173120.0,500931096.0,
57.92,34682736.0,475128.0,1327494248.0,1417173120.0,512106250.0,
57.88,34690510.0,475434.0,1331399226.0,1417173120.0,514690976.0,
57.84,34697860.0,475636.0,1335465563.0,1417173120.0,517558003.0,
56.34,34703644.0,475888.0,1346291425.0,1417173120.0,525327515.0,
56.27,34710628.0,476135.0,1352485358.0,1417173120.0,529939705.0,
56.23,34718602.0,476478.0,1356491248.0,1417173120.0,533040210.0,
56.13,34726049.0,476869.0,1365366923.0,1417173120.0,539835733.0,
56.05,34733194.0,477158.0,1373057489.0,1417173120.0,545689017.0,
56.01,34740275.0,477422.0,1376428862.0,1417173120.0,548109267.0,
55.97,34746838.0,477554.0,1380223188.0,1417173120.0,551003319.0,
55.88,34752164.0,478007.0,1388521671.0,1417173120.0,557379148.0,
55.85,34758481.0,478325.0,1391050278.0,1417173120.0,559286403.0,
55.77,34765976.0,478759.0,1398221289.0,1417173120.0,564955588.0,
55.7,34772626.0,479133.0,1404556570.0,1417173120.0,569818786.0,
55.6,34779815.0,479520.0,1413981791.0,1417173120.0,576903056.0,
55.59,34786802.0,479682.0,1414731603.0,1417173120.0,577437315.0,
55.55,34793333.0,479997.0,1418447119.0,1417173120.0,580128955.0,
55.47,34799691.0,480290.0,1426069774.0,1417173120.0,585974301.0,
59.07,34808886.0,480592.0,1435195841.0,1417173120.0,592880391.0,
59.03,34822040.0,480860.0,1438717497.0,1417173120.0,595496704.0,
68.64,34838804.0,481080.0,1448865422.0,1417173120.0,603224821.0,
68.58,34861579.0,481486.0,1454069802.0,1417173120.0,607094031.0,99.0275173869767
68.56,34889132.0,481770.0,1456586234.0,1417173120.0,608920928.0,
68.69,34922882.0,481893.0,1464526170.0,1417173120.0,611955199.0,
68.67,34960261.0,482017.0,1472330269.0,1417173120.0,614541749.0,
68.65,35018358.0,482551.0,1482203963.0,1417173120.0,617737538.0,
68.63,35109286.0,482876.0,1491991022.0,1417173120.0,620902308.0,
68.6,35226386.0,483178.0,1505591911.0,1417173120.0,625966848.0,
68.59,35368372.0,483463.0,1508007415.0,1417173120.0,627076701.0,
68.56,35528004.0,483790.0,1517705282.0,1417173120.0,631501200.0,
68.55,35707727.0,483936.0,1524222751.0,1417173120.0,634265259.0,
68.51,35875790.0,484213.0,1537841948.0,1417173120.0,640117846.0,
68.49,36070510.0,484655.0,1544297708.0,1417173120.0,643070555.0,
68.46,36317927.0,485035.0,1553919710.0,1417173120.0,647586748.0,
68.45,36582129.0,485350.0,1556478542.0,1417173120.0,648878102.0,
68.42,36850962.0,485752.0,1565638547.0,1417173120.0,653514044.0,
68.4,37122164.0,486066.0,1570696006.0,1417173120.0,656011893.0,
68.39,37380253.0,486451.0,1575863289.0,1417173120.0,658614500.0,
68.39,37618271.0,486761.0,1576006300.0,1417173120.0,658765881.0,
76.39,37901241.0,487202.0,1592451490.0,1417173120.0,667552043.0,
76.34,38218773.0,487693.0,1600333779.0,1417173120.0,671853985.0,
78.05,38566027.0,488396.0,1609613007.0,1417173120.0,677041072.0,
78.01,38903731.0,488884.0,1617088106.0,1417173120.0,681368115.0,
77.98,39237264.0,489409.0,1622210924.0,1417173120.0,684436700.0,
77.98,39543328.0,489848.0,1623419845.0,1417173120.0,685102189.0,
76.15,39799202.0,490462.0,1630312330.0,1417173120.0,689133722.0,
76.11,40085116.0,491127.0,1636183520.0,1417173120.0,692645423.0,
76.09,40371500.0,491700.0,1639112704.0,1417173120.0,694410120.0,
77.87,40622709.0,492327.0,1645293992.0,1417173120.0,698115220.0,
77.84,40858241.0,493198.0,1650461284.0,1417173120.0,701262521.0,
77.81,41092522.0,494091.0,1657362150.0,1417173120.0,705405482.0,
75.92,41302440.0,495050.0,1664786038.0,1417173120.0,709926447.0,
74.01,41469499.0,496242.0,1671163877.0,1417173120.0,714073668.0,99.0704482828771
73.97,41630885.0,497975.0,1677030680.0,1417173120.0,717972069.0,
73.93,41803318.0,498983.0,1681517744.0,1417173120.0,721020585.0,
73.89,41952712.0,500055.0,1687048487.0,1417173120.0,724768356.0,
75.75,42080664.0,501114.0,1693177165.0,1417173120.0,728875616.0,
75.74,42188138.0,501979.0,1695886196.0,1417173120.0,730532500.0,
73.82,42272014.0,502874.0,1696048044.0,1417173120.0,730627102.0,
69.21,42339611.0,504062.0,1702679391.0,1417173120.0,736217486.0,
69.17,42410976.0,505279.0,1710023580.0,1417173120.0,740575198.0,
69.17,42478060.0,506520.0,1710398811.0,1417173120.0,740861221.0,
69.11,42536137.0,507177.0,1720173263.0,1417173120.0,747888827.0,
69.09,42586544.0,507981.0,1723371281.0,1417173120.0,750185166.0,
69.06,42631421.0,508665.0,1727912049.0,1417173120.0,753481207.0,
66.28,42665534.0,509011.0,1729729648.0,1417173120.0,754746231.0,
64.52,42692943.0,509358.0,1736068837.0,1417173120.0,759530099.0,
64.5,42723558.0,509872.0,1738650284.0,1417173120.0,761473602.0,
64.48,42754315.0,510413.0,1743931966.0,1417173120.0,765507484.0,
64.46,42780235.0,510905.0,1747936912.0,1417173120.0,768626041.0,
64.45,42802505.0,511230.0,1751467446.0,1417173120.0,771380004.0,
64.44,42822473.0,511903.0,1753406786.0,1417173120.0,772901521.0,
64.43,42838524.0,512109.0,1755791055.0,1417173120.0,774808452.0,
64.41,42851929.0,512344.0,1759523094.0,1417173120.0,777816191.0,
64.4,42867031.0,512622.0,1761691159.0,1417173120.0,779561195.0,
64.38,42881179.0,512924.0,1764970949.0,1417173120.0,782222068.0,
64.37,42894345.0,513226.0,1768596814.0,1417173120.0,785172630.0,
64.35,42905844.0,513481.0,1772317897.0,1417173120.0,788213991.0,
64.34,42916117.0,513724.0,1773724815.0,1417173120.0,789372639.0,
64.33,42924130.0,513843.0,1775178647.0,1417173120.0,790556254.0,
55.07,42931045.0,514023.0,1776674379.0,1417173120.0,791803734.0,99.1191747170291
55.06,42938599.0,514246.0,1778253673.0,1417173120.0,793112322.0,
55.04,42945160.0,514388.0,1781445039.0,1417173120.0,795778169.0,
55.03,42951556.0,514589.0,1784081444.0,1417173120.0,797997103.0,
55.02,42957477.0,514878.0,1786849348.0,1417173120.0,800304849.0,
55.01,42962953.0,515036.0,1787845508.0,1417173120.0,801141086.0,
55.0,42967315.0,515102.0,1789317128.0,1417173120.0,802358408.0,
54.99,42971308.0,515210.0,1791553063.0,1417173120.0,804228336.0,
54.98,42975883.0,515355.0,1793520158.0,1417173120.0,805886615.0,
54.97,42980067.0,515459.0,1795443790.0,1417173120.0,807510151.0,
54.96,42984261.0,515714.0,1798217482.0,1417173120.0,809861857.0,
54.95,42987875.0,515803.0,1799411716.0,1417173120.0,810857880.0,
54.95,42990991.0,515850.0,1800720203.0,1417173120.0,811980554.0,
54.94,42993494.0,515877.0,1802515613.0,1417173120.0,813501336.0,
46.6,42996062.0,515974.0,1804173297.0,1417173120.0,814906002.0,
46.59,42998938.0,516072.0,1806005751.0,1417173120.0,816469839.0,
46.58,43001477.0,516132.0,1808015400.0,1417173120.0,817667068.0,
46.58,43004005.0,516281.0,1809229692.0,1417173120.0,818324294.0,
46.58,43006080.0,516352.0,1810472831.0,1417173120.0,818968798.0,
46.57,43007841.0,516479.0,1811384731.0,1417173120.0,819491293.0,
46.57,43009390.0,516510.0,1813883509.0,1417173120.0,820497326.0,
46.56,43010971.0,516543.0,1816439799.0,1417173120.0,821413590.0,
46.55,43012749.0,516605.0,1820574288.0,1417173120.0,822790602.0,
46.55,43014687.0,516672.0,1824268730.0,1417173120.0,824066700.0,
46.54,43016372.0,516755.0,1826265830.0,1417173120.0,824764568.0,
43.06,43018032.0,520855.0,1830285290.0,1417173120.0,826360688.0,
43.06,43019453.0,521004.0,1831347741.0,1417173120.0,826884564.0,
43.06,43020723.0,521035.0,1833040014.0,1417173120.0,827610878.0,
43.06,43021982.0,521070.0,1834500657.0,1417173120.0,828229455.0,
43.06,43023215.0,521101.0,1838519822.0,1417173120.0,829846274.0,
43.06,43024440.0,521129.0,1841947045.0,1417173120.0,831238996.0,
40.28,43025775.0,521181.0,1843313964.0,1417173120.0,831824241.0,99.1765691470432
40.28,43027035.0,521264.0,1844542923.3333333,1417173120.0,832450561.6666666,
40.28,43028131.0,521345.0,1845771882.6666667,1417173120.0,833076882.3333334,
50.46,43029044.0,521358.0,1847000842.0,1417173120.0,833703203.0,
50.46,43029839.0,521416.0,1848699443.0,1417173120.0,834507741.0,
50.46,43030925.0,521487.0,1850895496.0,1417173120.0,835583400.0,
50.46,43031958.0,521530.0,1852472643.0,1417173120.0,836334675.0,
50.46,43033067.0,521573.0,1853783376.0,1417173120.0,836977198.0,
50.46,43034217.0,521656.0,1855432129.0,1417173120.0,837829024.0,
50.46,43035271.0,521685.0,1856267473.0,1417173120.0,838319304.0,
50.46,43036132.0,521691.0,1857308103.0,1417173120.0,838867091.0,
50.46,43036928.0,521710.0,1859559964.0,1417173120.0,840024362.0,
50.46,43038016.0,521736.0,1860601312.0,1417173120.0,840565591.0,
50.46,43039023.0,521737.0,1862055068.0,1417173120.0,841424423.0,
50.46,43039972.0,521743.0,1862475218.0,1417173120.0,841683688.0,
50.46,43040947.0,521747.0,1863493741.3333333,1417173120.0,842299504.6666666,
50.46,43042097.0,521751.0,1864512264.6666667,1417173120.0,842915321.3333334,
50.46,43044280.0,521965.0,1865530788.0,1417173120.0,843531138.0,
50.46,43045527.0,521966.0,1867730851.0,1417173120.0,844905630.0,
50.46,43047594.0,522006.0,1868475798.0,1417173120.0,845392713.0,
50.46,43049974.0,522062.0,1870188115.0,1417173120.0,846509195.0,
50.46,43052425.0,522116.0,1872146953.0,1417173120.0,847776627.0,
50.46,43054952.0,522149.0,1874002345.0,1417173120.0,848978125.0,
50.46,43057545.0,522193.0,1875857737.0,1417173120.0,850179623.0,
50.46,43060086.0,522223.0,1876721584.0,1417173120.0,850734842.0,
37.04,43062569.0,523622.0,1879171201.0,1417173120.0,852356087.0,
37.04,43065496.0,523654.0,1881446210.0,1417173120.0,853848567.0,
37.04,43068799.0,523693.0,1883679480.0,1417173120.0,855374676.0,
37.04,43072176.0,523753.0,1886979879.0,1417173120.0,857622004.0,
37.04,43075864.0,523803.0,1888681185.0,1417173120.0,858800580.0,
37.04,43079188.0,523843.0,1890938196.0,1417173120.0,860357368.0,99.244955114897
37.04,43082345.0,523869.0,1891772613.0,1417173120.0,860909996.0,
37.04,43084913.0,523889.0,1893322786.0,1417173120.0,861965139.0,
37.04,43088118.0,523920.0,1894097635.0,1417173120.0,862476076.0,
37.04,43091393.0,523975.0,1895735848.0,1417173120.0,863597661.0,
37.04,43094938.0,524002.0,1897620959.0,1417173120.0,864902000.0,
37.04,43098743.0,524024.0,1899566264.0,1417173120.0,866213265.0,
37.04,43102194.0,524064.0,1901414279.0,1417173120.0,867476230.0,
37.04,43105401.0,524093.0,1902826009.0,1417173120.0,868472858.0,
37.04,43107689.0,524103.0,1904468335.0,1417173120.0,869609528.0,
37.04,43110586.0,524157.0,1906086192.0,1417173120.0,870741035.0,
37.04,43113413.0,524181.0,1907730016.0,1417173120.0,871882669.0,
37.04,43116254.0,524190.0,1909303657.0,1417173120.0,872953369.0,
37.04,43119112.0,524201.0,1910988931.0,1417173120.0,874086644.0,
37.04,43121599.0,524214.0,1912387924.0,1417173120.0,874993288.0,
37.04,43123801.0,524241.0,1912934803.0,1417173120.0,875350992.0,
37.04,43125370.0,524260.0,1914231848.0,1417173120.0,876177987.0,
37.04,43127199.0,524293.0,1915784498.0,1417173120.0,877191280.0,
37.04,43129563.0,524303.0,1917330271.0,1417173120.0,878236822.0,
37.04,43131822.0,524323.0,1918969942.0,1417173120.0,879319669.0,
37.04,43134145.0,524348.0,1920639056.0,1417173120.0,880383946.0,
37.04,43136371.0,524413.0,1922077507.0,1417173120.0,881280667.0,
37.04,43138393.0,524459.0,1923079150.0,1417173120.0,881893220.0,
37.04,43140068.0,524490.0,1924562314.0,1417173120.0,882839026.0,
37.04,43142192.0,524507.0,1925998950.0,1417173120.0,883757952.0,
37.04,43144820.0,524525.0,1927492886.0,1417173120.0,884740081.0,
37.04,43147530.0,524539.0,1929071592.0,1417173120.0,885750071.0,
37.04,43150215.0,524572.0,1930645136.0,1417173120.0,886749725.0,
37.04,43153043.0,524586.0,1931892904.0,1417173120.0,887503757.0,
37.04,43155749.0,524611.0,1932350200.0,1417173120.0,887784839.0,
37.04,43158087.0,524630.0,1933706281.0,1417173120.0,888628256.0,
37.04,43160832.0,524636.0,1935937188.0,1417173120.0,890032719.0,99.3257749186028
37.04,43164544.0,524641.0,1936227419.0,1417173120.0,890216680.0,
37.04,43168585.0,524651.0,1937558468.0,1417173120.0,891067632.0,
37.04,43172547.0,524677.0,1938863350.0,1417173120.0,891909560.0,
37.04,43176817.0,524692.0,1939962957.0,1417173120.0,892593726.0,
37.04,43181335.0,524701.0,1940463971.0,1417173120.0,892911908.0,
37.04,43185049.0,524708.0,1941877578.0,1417173120.0,893827237.0,
37.04,43190282.0,524715.0,1943533128.0,1417173120.0,894908060.0,
37.04,43197522.0,524723.0,1945224141.0,1417173120.0,895978207.0,
37.04,43205106.0,524747.0,1946888891.0,1417173120.0,897066745.0,
37.04,43213435.0,524757.0,1948512551.0,1417173120.0,898119984.0,
37.04,43222017.0,524761.0,1949991113.0,1417173120.0,899123575.0,
37.04,43230101.0,524771.0,1951184908.0,1417173120.0,899977040.0,
37.04,43236695.0,524777.0,1952767342.0,1417173120.0,901001260.0,
37.04,43245517.0,524792.0,1954285339.0,1417173120.0,901971812.0,
37.04,43257730.0,524803.0,1955954232.0,1417173120.0,902972911.0,
37.04,43270577.0,524817.0,1957644567.0,1417173120.0,904021638.0,
37.04,43283793.0,524840.0,1959268288.0,1417173120.0,905029095.0,
37.04,43296692.0,524855.0,1960498702.0,1417173120.0,905759251.0,
37.04,43309473.0,524873.0,1960998144.0,1417173120.0,906057026.0,
37.04,43319396.0,524890.0,1962421213.0,1417173120.0,906949409.0,
37.04,43331645.0,524903.0,1963796134.0,1417173120.0,907810836.0,
37.04,43344958.0,524941.0,1965433440.0,1417173120.0,908786223.0,
37.04,43362294.0,524954.0,1966980412.0,1417173120.0,909724866.0,
37.04,43378234.0,524974.0,1968671713.0,1417173120.0,910723911.0,
37.04,43389973.0,524999.0,1969852777.0,1417173120.0,911401679.0,
37.04,43407046.0,525020.0,1970469750.0,1417173120.0,911747634.0,
37.04,43418839.0,525047.0,1972351905.0,1417173120.0,912802491.0,
37.04,43433345.0,525077.0,1973822032.0,1417173120.0,913642889.0,
37.04,43452164.0,525116.0,1975334761.0,1417173120.0,914479703.0,
37.04,43469234.0,525139.0,1976570002.0,1417173120.0,915190727.0,99.4191957337693
37.04,43486326.0,525168.0,1977618374.0,1417173120.0,915792386.0,
37.04,43502429.0,525199.0,1978551059.0,1417173120.0,916273442.0,
37.04,43518564.0,525223.0,1978918170.0,1417173120.0,916469219.0,
37.04,43531650.0,525242.0,1980107125.0,1417173120.0,917105118.0,
37.04,43547809.0,525270.0,1981185072.0,1417173120.0,917703086.0,
37.04,43566739.0,525305.0,1982580433.0,1417173120.0,918417650.0,
37.04,43585554.0,525343.0,1984334136.0,1417173120.0,919261729.0,
37.04,43604394.0,525386.0,1985621264.0,1417173120.0,919883517.0,
37.04,43622651.0,525428.0,1986908392.0,1417173120.0,920505305.0,
37.04,43639329.0,525454.0,1987985218.0,1417173120.0,921126136.0,
37.04,43652944.0,525474.0,1989187695.0,1417173120.0,921673246.0,
37.04,43669850.0,525519.0,1991240408.0,1417173120.0,922618168.0,
37.04,43689989.0,525557.0,1994169877.0,1417173120.0,924508543.0,
37.04,43710027.0,525604.0,1996965088.0,1417173120.0,925286833.0,
37.04,43730071.0,525660.0,1998632735.3333333,1417173120.0,925612798.6666666,
37.04,43750599.0,525709.0,2000300382.6666667,1417173120.0,925938764.3333334,
37.04,43767534.0,525760.0,2001968030.0,1417173120.0,926264730.0,
37.04,43783062.0,525785.0,2003874710.0,1417173120.0,926634838.0,
37.04,43803619.0,525825.0,2006671447.0,1417173120.0,927126118.0,
37.04,43825185.0,525870.0,2009895110.0,1417173120.0,927699477.0,
37.04,43847065.0,525930.0,2013731335.0,1417173120.0,928450353.0,
37.04,43868476.0,525997.0,2017443065.0,1417173120.0,928991142.0,
37.04,43888755.0,526033.0,2020403475.0,1417173120.0,929485331.0,
37.04,43905621.0,526074.0,2022304876.0,1417173120.0,929894146.0,
37.04,43920451.0,526110.0,2025484888.0,1417173120.0,930240225.0,
37.04,43938764.0,526167.0,2028636906.0,1417173120.0,930769192.0,
37.04,43959321.0,526212.0,2032936191.0,1417173120.0,931350168.0,
37.04,43979730.0,526258.0,2036654672.0,1417173120.0,932013360.0,
37.04,44000138.0,526312.0,2040074302.0,1417173120.0,932438658.0,
37.04,44019811.0,526357.0,2042774905.0,1417173120.0,932775394.0,
37.04,44036275.0,526396.0,2043818288.0,1417173120.0,932887740.0,99.5247722243298
31.48,44050009.0,526430.0,2046516773.0,1417173120.0,933235740.0,
31.48,44067144.0,526477.0,2049708563.5,1417173120.0,933646231.5,
31.48,44087037.0,526530.0,2052900354.0,1417173120.0,934056723.0,
31.48,44107588.0,526600.0,2056488272.0,1417173120.0,934624191.0,
31.48,44126994.0,526649.0,2059773065.0,1417173120.0,935057847.0,
31.48,44145732.0,526689.0,2062862077.0,1417173120.0,935516836.0,
31.48,44161899.0,526730.0,2066179158.0,1417173120.0,935960021.0,
31.48,44174650.0,526772.0,2069154989.0,1417173120.0,936306242.0,
31.48,44190697.0,526826.0,2070740882.0,1417173120.0,936496147.0,
31.48,44206996.0,526879.0,2073245736.0,1417173120.0,936815198.0,
31.48,44223557.0,526928.0,2075074767.0,1417173120.0,937095945.0,
31.48,44239372.0,526996.0,2077667936.0,1417173120.0,937381177.0,
31.48,44253464.0,527037.0,2080314240.0,1417173120.0,937694109.0,
31.48,44268381.0,527069.0,2082646297.0,1417173120.0,937852378.0,
31.48,44277194.0,527098.0,2083497365.0,1417173120.0,937940019.0,
31.48,44286256.0,527134.0,2086296791.0,1417173120.0,938220798.0,
31.48,44298864.0,527206.0,2090061582.0,1417173120.0,938587867.0,
31.48,44314618.0,527253.0,2092978091.0,1417173120.0,938911858.0,
31.48,44327890.0,527289.0,2094438592.0,1417173120.0,939094320.0,
31.48,44339429.0,527332.0,2097388903.0,1417173120.0,939457024.0,
31.48,44348960.0,527368.0,2100689201.0,1417173120.0,939828608.0,
31.48,44357546.0,527416.0,2103627869.0,1417173120.0,940132623.0,
31.48,44368195.0,527452.0,2106237544.0,1417173120.0,940425429.0,
31.48,44378920.0,527488.0,2108724109.0,1417173120.0,940753479.0,
31.48,44389176.0,527556.0,2111876002.0,1417173120.0,941179037.0,
31.48,44398696.0,527597.0,2114453857.0,1417173120.0,941459291.0,
31.48,44408132.0,527754.0,2117020150.0,1417173120.0,941719531.0,
31.48,44415723.0,527799.0,2119502119.0,1417173120.0,941883302.0,
31.48,44421162.0,527829.0,2122099237.0,1417173120.0,942133090.0,
31.48,44428393.0,527874.0,2124186933.0,1417173120.0,942327191.0,
31.48,44436339.0,527911.0,2125613960.0,1417173120.0,942501420.0,99.6420364814702
31.48,44442507.0,527932.0,2127923399.0,1417173120.0,942802345.0,
31.48,44449718.0,527957.0,2130464186.0,1417173120.0,943038654.0,
31.48,44456535.0,527991.0,2132658458.0,1417173120.0,943294210.0,
31.48,44462445.0,528007.0,2135583657.0,1417173120.0,943578686.0,
31.48,44466862.0,528030.0,2137561057.0,1417173120.0,943763419.0,
31.48,44472241.0,528057.0,2139659830.0,1417173120.0,943959568.0,
31.48,44478636.0,528090.0,2143231108.0,1417173120.0,944241171.0,
31.48,44484729.0,528121.0,2145936972.0,1417173120.0,944541113.0,
31.48,44490283.0,528139.0,2148075189.0,1417173120.0,944731966.0,
31.48,44495359.0,528150.0,2150122402.0,1417173120.0,944970466.0,
31.48,44500580.0,528165.0,2152915577.0,1417173120.0,945243352.0,
31.48,44504949.0,528185.0,2155069979.0,1417173120.0,945446217.0,
31.48,44510057.0,528216.0,2157151049.0,1417173120.0,945633577.0,
31.48,44516479.0,528250.0,2160120066.0,1417173120.0,945888274.0,
31.48,44522777.0,528273.0,2162085492.0,1417173120.0,946137585.0,
31.48,44528524.0,528302.0,2164396948.0,1417173120.0,946326767.0,
31.48,44534188.0,528337.0,2165982650.0,1417173120.0,946508327.0,
31.48,44539046.0,528355.0,2167186118.0,1417173120.0,946678783.0,
31.48,44543089.0,528370.0,2168505627.0,1417173120.0,946810471.0,
31.48,44547599.0,528403.0,2169753427.0,1417173120.0,946939884.0,
31.48,44553042.0,528429.0,2171336749.0,1417173120.0,947099821.0,
31.48,44558425.0,528449.0,2172815223.0,1417173120.0,947277322.0,
31.48,44563337.0,528487.0,2174341590.0,1417173120.0,947414286.0,
31.48,44568114.0,528510.0,2175957465.0,1417173120.0,947573788.0,
31.48,44572243.0,528530.0,2176997087.0,1417173120.0,947702673.0,
31.48,44575473.0,528562.0,2178441102.0,1417173120.0,947816392.0,
31.48,44579088.0,528584.0,2179945601.0,1417173120.0,947940802.0,
31.48,44583360.0,528611.0,2182239274.0,1417173120.0,948120382.0,
31.48,44587307.0,528629.0,2185459294.0,1417173120.0,948371253.0,
31.48,44591112.0,528655.0,2186955246.0,1417173120.0,948517818.0,99.7710194790512
31.48,44594487.0,528673.0,2187548762.0,1417173120.0,948592361.0,
31.48,44597498.0,528701.0,2187731108.0,1417173120.0,948617293.0,
31.48,44599466.0,528716.0,2188076740.0,1417173120.0,948660386.0,
31.48,44601934.0,528733.0,2188332870.0,1417173120.0,948692346.0,
31.48,44604463.0,528745.0,2188448601.0,1417173120.0,948711877.0,
31.48,44606460.0,528754.0,2188865321.0,1417173120.0,948783217.0,
31.48,44609257.0,528778.0,2189375345.0,1417173120.0,948860632.0,
31.48,44612013.0,528799.0,2189790426.0,1417173120.0,948925816.0,
31.48,44614437.0,528814.0,2190007323.0,1417173120.0,948948712.0,
31.48,44616394.0,528822.0,2190521299.0,1417173120.0,949019254.0,
31.48,44618533.0,528835.0,2191338497.0,1417173120.0,949149582.0,
31.48,44621319.0,528847.0,2191764814.5,1417173120.0,949226831.5,
31.48,44623997.0,528857.0,2192191132.0,1417173120.0,949304081.0,
31.48,44626427.0,528874.0,2192779896.0,1417173120.0,949388503.0,
31.48,44628828.0,528895.0,2193219253.0,1417173120.0,949453930.0,
31.48,44630888.0,528905.0,2193368589.0,1417173120.0,949475229.0,
31.48,44632430.0,528913.0,2193800204.0,1417173120.0,949549942.0,
31.48,44634376.0,528923.0,2194182432.0,1417173120.0,949627320.0,
31.48,44636517.0,528943.0,2194672934.0,1417173120.0,949730391.0,
31.48,44638636.0,528953.0,2195113126.0,1417173120.0,949834302.0,
31.48,44640748.0,528957.0,2195399307.0,1417173120.0,949900660.0,
31.48,44642742.0,528961.0,2195580184.0,1417173120.0,949937200.0,
31.48,44644076.0,528977.0,2195619506.0,1417173120.0,949943598.0,
31.48,44644938.0,528980.0,2195651402.0,1417173120.0,949949078.0,
31.48,44645768.0,528981.0,2195754191.0,1417173120.0,949968269.0,
31.48,44646880.0,528987.0,2195883501.0,1417173120.0,949997647.0,
31.48,44649088.0,528999.0,2196044179.0,1417173120.0,950032740.0,
31.48,44650662.0,529008.0,2196215302.0,1417173120.0,950066782.0,
31.48,44652266.0,529016.0,2196335748.0,1417173120.0,950090439.0,
31.48,44653592.0,529024.0,2196409458.5,1417173120.0,950104356.5,
31.48,44654638.0,529077.0,2196483169.0,1417173120.0,950118274.0,99.9118380034644
